session_id,specimen_id,cre_line,download_attempted,download_success,file_size_gb,download_time,failure_reason,stimulus_metadata_available,neural_data_available,eligible_for_analysis,good_units_in_session,analyzed_units
715093703,699733581,Sst-IRES-Cre,False,False,2.66,Not Attempted,Remote on Allen AWS S3 (~2-3 GB per session; bandwidth-constrained for full 64 GB cohort download),True,False,False,2073,0
719161530,703279284,Sst-IRES-Cre,False,False,2.86,Not Attempted,Remote on Allen AWS S3 (~2-3 GB per session; bandwidth-constrained for full 64 GB cohort download),True,False,False,1785,0
721123822,707296982,Pvalb-IRES-Cre,True,True,1.62,Cached / Verified,None (Successfully downloaded and verified),True,True,True,1191,444
746083955,726170935,Pvalb-IRES-Cre,True,False,2.39,In Progress (>1.17 GB transferred),Download incomplete due to AWS S3 transfer constraints; partial file on disk,True,False,False,1542,0
751348571,732548380,Vip-IRES-Cre,False,False,2.86,Not Attempted,Remote on Allen AWS S3 (~2-3 GB per session; bandwidth-constrained for full 64 GB cohort download),True,False,False,1985,0
755434585,730760270,Vip-IRES-Cre,False,False,2.08,Not Attempted,Remote on Allen AWS S3 (~2-3 GB per session; bandwidth-constrained for full 64 GB cohort download),True,False,False,1541,0
756029989,734865738,Sst-IRES-Cre,False,False,2.4,Not Attempted,Remote on Allen AWS S3 (~2-3 GB per session; bandwidth-constrained for full 64 GB cohort download),True,False,False,1641,0
758798717,735109609,Sst-IRES-Cre,False,False,2.05,Not Attempted,Remote on Allen AWS S3 (~2-3 GB per session; bandwidth-constrained for full 64 GB cohort download),True,False,False,1343,0
760345702,739783171,Pvalb-IRES-Cre,True,True,1.83,Cached / Verified,None (Successfully downloaded and verified),True,True,True,1332,501
760693773,738651054,Sst-IRES-Cre,False,False,2.67,Not Attempted,Remote on Allen AWS S3 (~2-3 GB per session; bandwidth-constrained for full 64 GB cohort download),True,False,False,1786,0
762120172,745276236,Vip-IRES-Cre,False,False,2.67,Not Attempted,Remote on Allen AWS S3 (~2-3 GB per session; bandwidth-constrained for full 64 GB cohort download),True,False,False,1642,0
762602078,744915204,Sst-IRES-Cre,False,False,1.88,Not Attempted,Remote on Allen AWS S3 (~2-3 GB per session; bandwidth-constrained for full 64 GB cohort download),True,False,False,1314,0
773418906,757329624,Pvalb-IRES-Cre,False,False,1.8,Not Attempted,Remote on Allen AWS S3 (~2-3 GB per session; bandwidth-constrained for full 64 GB cohort download),True,False,False,1393,0
786091066,763884103,Sst-IRES-Cre,False,False,2.14,Not Attempted,Remote on Allen AWS S3 (~2-3 GB per session; bandwidth-constrained for full 64 GB cohort download),True,False,False,1530,0
787025148,763236014,Sst-IRES-Cre,False,False,2.45,Not Attempted,Remote on Allen AWS S3 (~2-3 GB per session; bandwidth-constrained for full 64 GB cohort download),True,False,False,1868,0
789848216,763808604,Sst-IRES-Cre,False,False,1.75,Not Attempted,Remote on Allen AWS S3 (~2-3 GB per session; bandwidth-constrained for full 64 GB cohort download),True,False,False,1075,0
791319847,769360779,Vip-IRES-Cre,False,False,2.16,Not Attempted,Remote on Allen AWS S3 (~2-3 GB per session; bandwidth-constrained for full 64 GB cohort download),True,False,False,1445,0
794812542,774672366,Sst-IRES-Cre,False,False,2.41,Not Attempted,Remote on Allen AWS S3 (~2-3 GB per session; bandwidth-constrained for full 64 GB cohort download),True,False,False,2137,0
797828357,776061251,Pvalb-IRES-Cre,False,False,2.37,Not Attempted,Remote on Allen AWS S3 (~2-3 GB per session; bandwidth-constrained for full 64 GB cohort download),True,False,False,1610,0
798911424,775876828,Vip-IRES-Cre,False,False,2.67,Not Attempted,Remote on Allen AWS S3 (~2-3 GB per session; bandwidth-constrained for full 64 GB cohort download),True,False,False,1878,0
816200189,791857608,Vip-IRES-Cre,False,False,2.28,Not Attempted,Remote on Allen AWS S3 (~2-3 GB per session; bandwidth-constrained for full 64 GB cohort download),True,False,False,1572,0
819701982,795770036,Vip-IRES-Cre,False,False,2.35,Not Attempted,Remote on Allen AWS S3 (~2-3 GB per session; bandwidth-constrained for full 64 GB cohort download),True,False,False,1351,0
829720705,811322619,Pvalb-IRES-Cre,False,False,1.56,Not Attempted,Remote on Allen AWS S3 (~2-3 GB per session; bandwidth-constrained for full 64 GB cohort download),True,False,False,1286,0
831882777,803390291,Sst-IRES-Cre,False,False,1.94,Not Attempted,Remote on Allen AWS S3 (~2-3 GB per session; bandwidth-constrained for full 64 GB cohort download),True,False,False,1488,0
835479236,813701562,Vip-IRES-Cre,False,False,1.87,Not Attempted,Remote on Allen AWS S3 (~2-3 GB per session; bandwidth-constrained for full 64 GB cohort download),True,False,False,1313,0
839068429,817060751,Sst-IRES-Cre,False,False,2.63,Not Attempted,Remote on Allen AWS S3 (~2-3 GB per session; bandwidth-constrained for full 64 GB cohort download),True,False,False,1906,0
839557629,821469666,Pvalb-IRES-Cre,False,False,1.76,Not Attempted,Remote on Allen AWS S3 (~2-3 GB per session; bandwidth-constrained for full 64 GB cohort download),True,False,False,1218,0
840012044,820866121,Pvalb-IRES-Cre,False,False,2.66,Not Attempted,Remote on Allen AWS S3 (~2-3 GB per session; bandwidth-constrained for full 64 GB cohort download),True,False,False,2045,0
