cre_line,distance_bin,n_units,mean_evoked_rate,mean_modulation_ratio,suppression_probability
Pvalb-IRES-Cre,0-50 um,3054,14.139594629993452,1.4974613621480026,0.5026195153896529
Pvalb-IRES-Cre,50-150 um,928,4.515733836206897,0.6199665948275862,0.5948275862068966
Pvalb-IRES-Cre,150-300 um,267,5.133228464419476,0.6597191011235956,0.6254681647940075
Pvalb-IRES-Cre,300-600 um,91,6.031758241758242,0.6944505494505494,0.5714285714285714
Pvalb-IRES-Cre,> 600 um,79,5.590746835443038,0.6796708860759494,0.7341772151898734
Sst-IRES-Cre,0-50 um,5721,11.22282642894599,1.3600436986540816,0.5151197343121832
Sst-IRES-Cre,50-150 um,1869,4.592832530765116,0.6916062065275549,0.5457463884430177
Sst-IRES-Cre,150-300 um,560,5.102241071428572,0.7345267857142856,0.5107142857142857
Sst-IRES-Cre,300-600 um,188,5.020755319148936,0.6788244680851064,0.5797872340425532
Sst-IRES-Cre,> 600 um,107,5.649046728971962,0.5487009345794392,0.6542056074766355
Vip-IRES-Cre,0-50 um,3505,10.779252781740372,1.0481740370898716,0.0
Vip-IRES-Cre,50-150 um,1334,4.950721139430285,0.7237113943028486,0.0
Vip-IRES-Cre,150-300 um,420,4.8021095238095235,0.743502380952381,0.0
Vip-IRES-Cre,300-600 um,115,5.571052173913044,0.6399913043478261,0.0
Vip-IRES-Cre,> 600 um,33,3.50730303030303,0.5152727272727273,0.0
