cre,ref_type,n,source_rate,target_rate,kind,model,term,n_pairs,n_ref_units,n_animals,log_or,se,odds_ratio,or_ci_low,or_ci_high,p
PV,driven,179.0,0.07743710691823899,0.02541928721174004,rates,,,,,,,,,,,
PV,control,205.0,0.018455158113011922,0.025194401244167962,rates,,,,,,,,,,,
SST,driven,144.0,0.03895751323469526,0.01683181756481607,rates,,,,,,,,,,,
SST,control,217.0,0.0163312693498452,0.02089783281733746,rates,,,,,,,,,,,
VIP,driven,21.0,0.010479041916167664,0.010479041916167664,rates,,,,,,,,,,,
VIP,control,24.0,0.008350730688935281,0.009394572025052192,rates,,,,,,,,,,,
,,,,,test,target rate driven vs control (PV),is_driven,17277.0,384.0,6.0,0.006135238791899499,0.0966222180112298,1.0061540979181036,0.8325647282402412,1.215936772744563,0.9493706012637555
,,,,,test,driven units: source vs target (PV),is_source,15264.0,179.0,6.0,1.173218421194481,0.09762212308119207,3.2323790729196658,2.669467621823492,3.913991833289915,2.8595628020117913e-33
,,,,,test,target rate driven vs control (SST),is_driven,20287.0,361.0,11.0,-0.3044021310382537,0.22628456880870412,0.7375642093457911,0.4733501517105563,1.1492569738110638,0.1785547652033287
,,,,,test,driven units: source vs target (SST),is_source,14734.0,144.0,11.0,0.8835904998455202,0.11983297454555271,2.4195716003412846,1.9130864299114514,3.0601475383676515,1.6618422653300182e-13
,,,,,test,target rate: direct-like vs indirect-like (PV+SST),direct_like_i,14999.0,323.0,17.0,0.3526111082839692,0.16437087812768128,1.4227777293588013,1.0309123502905257,1.9635970668009852,0.03193554660563899
