region,cre,opto_excited_mean,opto_excited_sem,opto_suppressed_mean,opto_suppressed_sem,flash_excited_mean,flash_excited_sem,flash_suppressed_mean,flash_suppressed_sem
hippocampal formation,PV,0.0718250617605827,0.015368173640273854,0.0427069194552326,0.014022261059940413,0.06872888867385851,0.02523621971862018,0.016281425893432847,0.0036534725474139254
hippocampal formation,SST,0.04345196994201906,0.006520741422562775,0.07631198157788151,0.03675464154731189,0.07484464922675176,0.014965344977223639,0.015840157534358388,0.0025694258786960757
hippocampal formation,VIP,0.0975561739064258,0.024744672464860732,0.02644144782105027,0.00538838711144604,0.07571513897855782,0.02870771080939802,0.021728537408883856,0.007141916909124753
midbrain,PV,0.2120094191522763,0.06977972598880966,0.22599888590672,0.08404554736652903,0.28620929761482755,0.06487860031893522,0.05187074829931972,0.03568390350060763
midbrain,SST,0.12787833114481045,0.040363404590857216,0.18128147662882746,0.06003501859817204,0.19731217213054447,0.05479027543262148,0.14625624255530362,0.02943223785829039
midbrain,VIP,0.1997085645459629,0.052982653712849485,0.06358885017421602,0.025891055576519894,0.16582784875467801,0.04820356819935981,0.0759345291865617,0.030456769167803977
other / unassigned,PV,0.33774834437086093,0.16225165562913907,0.039735099337748346,0.039735099337748346,0.347682119205298,0.152317880794702,0.28311258278145696,0.21688741721854304
other / unassigned,SST,0.1079922291497244,0.058883523521375866,0.1743545512046461,0.10289490654439637,0.12274411230767968,0.038296227665983854,0.16038591389635032,0.08606182170581939
other / unassigned,VIP,0.12598818058515793,0.09232023005011783,0.011964735516372796,0.011964735516372796,0.1216084922634041,0.042688763864789245,0.11925914136241592,0.03434918164314336
thalamus,PV,0.10575254398362006,0.028157550555234112,0.2580379099557404,0.058303972792744775,0.2608879770636344,0.053325330586414345,0.23726357760677416,0.04557261965150971
thalamus,SST,0.10943078251263776,0.029764394171007902,0.2341380279822307,0.054397329316743036,0.16499028169509986,0.032178905041156766,0.15141456180521976,0.03735969147069208
thalamus,VIP,0.20036139381661802,0.02087142564938959,0.27058311503588867,0.0725604420911853,0.27722943363847996,0.031352905360894835,0.19922288499793767,0.030966568774699704
visual cortex,PV,0.15078826955389898,0.02675009468379272,0.397579293623483,0.03899694137089694,0.24764598501725724,0.02566565754203943,0.2256706200954115,0.025734315132127473
visual cortex,SST,0.12497663047952558,0.0157017211027047,0.34548912788640457,0.0550998328985153,0.3205004280835995,0.030593968569354875,0.20385467112439856,0.030057892192616932
visual cortex,VIP,0.24119551417381013,0.037162556901682,0.20083893069244566,0.022906106038136108,0.3309788305239386,0.025083021447879515,0.2023569616319243,0.02073181212437401
