region,cre,n_units,n_animals,opto_suppressed_frac_animal_mean,opto_sem,flash_suppressed_frac_animal_mean,flash_sem,both_frac,both_expected_if_independent,frac_opto_suppressed_also_flash_suppressed,frac_flash_suppressed_among_not_opto,overlap_OR,overlap_fisher_p,spearman_opto_vs_flash_lrr,spearman_p
hippocampal formation,PV,1278,8,0.0427069194552326,0.014022261059940411,0.016281425893432847,0.003653472547413925,0.000782472613458529,0.0006734897298938825,0.02,0.01710097719869707,1.1729834791059282,0.5874733514531251,0.027248411383207747,0.3303871236023048
hippocampal formation,SST,2343,11,0.07631198157788151,0.036754641547311895,0.015840157534358388,0.002569425878696076,0.002560819462227913,0.0013884312093541864,0.02912621359223301,0.014506317267197005,2.0380645161290323,0.13257021017379625,0.037974005682480105,0.06609240740109154
hippocampal formation,VIP,1319,7,0.02644144782105027,0.00538838711144604,0.021728537408883856,0.007141916909124753,0.000758150113722517,0.0005380049328614678,0.027777777777777776,0.019485580670303974,1.4377142857142857,0.5164003868686037,0.031783131509168686,0.24870601938114856
midbrain,PV,129,7,0.22599888590672,0.08404554736652901,0.05187074829931972,0.03568390350060762,0.05426356589147287,0.024457664803797848,0.1891891891891892,0.043478260869565216,5.133333333333334,0.012844177439476844,0.03130345822304518,0.7247147719450451
midbrain,SST,568,10,0.1812814766288275,0.06003501859817204,0.14625624255530362,0.029432237858290383,0.04401408450704225,0.02148011307280302,0.2777777777777778,0.1087866108786611,3.1508875739644973,7.55097859896011e-05,0.19468941129145567,2.945770008830431e-06
midbrain,VIP,200,6,0.06358885017421602,0.025891055576519897,0.07593452918656171,0.03045676916780398,0.02,0.005525,0.3076923076923077,0.06951871657754011,5.948717948717949,0.01604821662772059,0.21207239235758307,0.0025721289064351057
other / unassigned,PV,304,2,0.039735099337748346,0.03973509933774834,0.28311258278145696,0.21688741721854302,0.01644736842105263,0.005453601108033241,0.20833333333333334,0.05714285714285714,4.342105263157895,0.017172774100506934,0.11674736946439551,0.041937973398342286
other / unassigned,SST,671,5,0.1743545512046461,0.10289490654439636,0.16038591389635032,0.08606182170581939,0.04769001490312966,0.013244018203584304,0.47761194029850745,0.09437086092715231,8.773934837092732,1.575544342724424e-13,0.17643837300104467,4.265681279301591e-06
other / unassigned,VIP,435,4,0.011964735516372796,0.011964735516372796,0.11925914136241593,0.03434918164314336,0.01839080459770115,0.004116792178623332,0.42105263157894735,0.07932692307692307,8.440771349862258,0.00011024992708360595,0.09102225443135559,0.057841607270727145
thalamus,PV,675,7,0.25803790995574044,0.05830397279274479,0.23726357760677416,0.04557261965150971,0.09777777777777778,0.06622990397805213,0.358695652173913,0.19959266802443992,2.24299550328606,3.2100995963031036e-05,0.1857859396512632,1.1721425315425712e-06
thalamus,SST,1243,10,0.2341380279822307,0.05439732931674303,0.15141456180521976,0.037359691470692076,0.0756234915526951,0.047331184965654804,0.2789317507418398,0.1357615894039735,2.4625112917795846,1.2618748858818037e-08,0.09601885563724273,0.0006997192525977341
thalamus,VIP,910,7,0.27058311503588867,0.07256044209118531,0.19922288499793767,0.030966568774699707,0.08021978021978023,0.03726120033812341,0.35960591133004927,0.11173974540311174,4.463875365141188,6.8031639836733544e-15,0.19583650589884205,2.5643831274748276e-09
visual cortex,PV,2231,8,0.397579293623483,0.03899694137089693,0.2256706200954115,0.025734315132127473,0.11698789780367548,0.0904479301380792,0.288716814159292,0.1785983421250942,1.8668425300706735,1.216531314356513e-09,0.24146839179198712,5.8057311339894904e-31
visual cortex,SST,3900,12,0.34548912788640457,0.05509983289851531,0.20385467112439856,0.03005789219261694,0.11,0.07356949375410914,0.3159057437407953,0.15538945712037766,2.5100162145222167,1.7467305835221507e-30,0.28897177238656885,6.859267232030625e-76
visual cortex,VIP,2716,8,0.20083893069244566,0.022906106038136104,0.2023569616319243,0.020731812124374006,0.0703240058910162,0.040487451224511486,0.3491773308957952,0.1636698939603504,2.7415255578414306,4.7663425732654766e-20,0.2809000264815017,1.9765731544982051e-50
