specimen_id,cre,group,stim,n_units,onset_ms,min_ratio,mean_ratio_20_200
699733581,SST,LGd,opto,29,22.500000000000103,0.3700324767246018,0.7077188282912472
699733581,SST,LGd,flash,24,57.500000000000135,0.26897124329405997,0.733275948893267
699733581,SST,LP,opto,83,17.5000000000001,0.1784633008813876,0.6206085716079426
699733581,SST,LP,flash,42,62.50000000000014,0.24303146875264894,0.5683668910948627
699733581,SST,hippocampal formation,opto,4,2.5000000000000853,0.13609467455621302,0.3949779165930834
699733581,SST,hippocampal formation,flash,3,117.50000000000018,0.22791652830163742,0.7416170344943239
699733581,SST,other / unassigned,opto,10,7.50000000000009,0.2578837187804651,0.6252004182881303
699733581,SST,other / unassigned,flash,29,67.50000000000014,0.3576072819171377,0.5805827602144321
699733581,SST,thalamus,opto,4,12.500000000000094,0.16089982237146266,0.7664026795607055
699733581,SST,thalamus,flash,7,57.500000000000135,0.484294900342909,0.7464330617032434
699733581,SST,visual cortex,opto,91,7.50000000000009,0.08345957484483352,0.6272212172375444
699733581,SST,visual cortex,flash,38,52.50000000000013,0.254809759898583,0.5125853136543813
703279284,SST,LGd,opto,36,2.5000000000000853,0.2519782353197725,0.6612801425802934
703279284,SST,LGd,flash,28,62.50000000000014,0.3044873571757018,0.6603222132797888
703279284,SST,LP,flash,10,67.50000000000014,0.19755920973808858,0.5647221430002161
703279284,SST,midbrain,opto,19,22.500000000000103,0.3311023153907301,0.6454452988586679
703279284,SST,midbrain,flash,22,82.50000000000016,0.37470683810021316,0.668376976550598
703279284,SST,thalamus,opto,4,22.500000000000103,0.19208424110384895,0.9238698724272252
703279284,SST,thalamus,flash,13,67.50000000000014,0.34298798533587926,0.6379621685720417
703279284,SST,visual cortex,opto,57,12.500000000000094,0.12210937021630901,0.6957452628716919
703279284,SST,visual cortex,flash,17,47.50000000000013,0.20804191783600287,0.5450404347712897
707296982,PV,LP,opto,29,17.5000000000001,0.1311229308784386,0.502916098829576
707296982,PV,LP,flash,16,62.50000000000014,0.16264387660904753,0.6096304108053897
707296982,PV,hippocampal formation,flash,3,22.500000000000103,0.2323365666073581,0.7718150337676252
707296982,PV,visual cortex,opto,105,7.50000000000009,0.017272865902937497,0.734904743475885
707296982,PV,visual cortex,flash,59,52.50000000000013,0.2787032929774118,0.5529006786932921
726170935,PV,LGd,opto,10,12.500000000000094,0.24848611453927455,0.6988123581495589
726170935,PV,LGd,flash,23,52.50000000000013,0.07522258429870458,0.5487515498279272
726170935,PV,other / unassigned,opto,24,17.5000000000001,0.43737664143254046,0.6689402193146847
726170935,PV,other / unassigned,flash,20,77.50000000000016,0.44379371914498195,0.7197905236942815
726170935,PV,thalamus,flash,4,67.50000000000014,0.1758638222507669,0.697232498749748
726170935,PV,visual cortex,opto,58,12.500000000000094,0.32787522342043635,0.8619279208070177
726170935,PV,visual cortex,flash,74,47.50000000000013,0.26052338198305575,0.48301052581521237
730760270,VIP,LGd,opto,9,87.50000000000016,0.16967269338141477,0.7618311477876101
730760270,VIP,LGd,flash,6,57.500000000000135,0.0,0.610831671596639
730760270,VIP,hippocampal formation,flash,6,12.500000000000094,0.113618888851087,0.663241239225302
730760270,VIP,midbrain,opto,3,37.500000000000114,0.0,0.559730926119693
730760270,VIP,visual cortex,opto,53,52.50000000000013,0.22009793249449916,0.5392307325189198
730760270,VIP,visual cortex,flash,96,57.500000000000135,0.29961525271037937,0.5203403403358614
732548380,VIP,LGd,opto,27,47.50000000000013,0.18844993110769484,0.508457345734477
732548380,VIP,LGd,flash,7,67.50000000000014,0.28301841839360353,0.7093149446568762
732548380,VIP,LP,opto,30,52.50000000000013,0.2234256823968518,0.519676400735321
732548380,VIP,LP,flash,18,92.50000000000017,0.2356891677397352,0.6379208967068521
732548380,VIP,hippocampal formation,opto,5,17.5000000000001,0.0,0.5353587026989861
732548380,VIP,thalamus,opto,13,52.50000000000013,0.22924254466931665,0.5819441821373552
732548380,VIP,thalamus,flash,14,47.50000000000013,0.4833907759062165,0.6686721279212706
732548380,VIP,visual cortex,opto,37,52.50000000000013,0.17166707333597717,0.48474196301542555
732548380,VIP,visual cortex,flash,35,47.50000000000013,0.23984575123539784,0.48119652971684956
734865738,SST,LGd,opto,21,32.500000000000114,0.334049725988163,0.68730885030394
734865738,SST,LGd,flash,15,77.50000000000016,0.37842239647809883,0.7714200600803904
734865738,SST,hippocampal formation,flash,4,2.5000000000000853,0.09745762711864406,0.4647942077423517
734865738,SST,thalamus,opto,5,77.50000000000016,0.0,0.6089569992373284
734865738,SST,thalamus,flash,6,57.500000000000135,0.5416262828275674,0.7693373673851506
734865738,SST,visual cortex,opto,58,17.5000000000001,0.2838335447279327,0.7368329577468063
734865738,SST,visual cortex,flash,58,62.50000000000014,0.24235763499876337,0.5121057366726973
735109609,SST,LP,flash,3,62.50000000000014,0.4914769968021228,0.7697138181073305
735109609,SST,hippocampal formation,flash,4,42.50000000000012,0.2971063564491597,0.6748941780173621
735109609,SST,midbrain,opto,5,12.500000000000094,0.167359173126615,0.5820550459224088
735109609,SST,midbrain,flash,12,62.50000000000014,0.3487437261958924,0.688550435068819
735109609,SST,thalamus,opto,5,62.50000000000014,0.30151342380861496,0.7089081061871716
735109609,SST,thalamus,flash,3,2.5000000000000853,0.3987446827586456,0.7589067450217382
735109609,SST,visual cortex,opto,22,12.500000000000094,0.3686094603608536,0.7131146016056348
735109609,SST,visual cortex,flash,34,57.500000000000135,0.144913972938777,0.48841318513372756
738651054,SST,other / unassigned,opto,30,52.50000000000013,0.1812616336485192,0.5105573760096629
738651054,SST,other / unassigned,flash,45,62.50000000000014,0.2989457542433511,0.547967610355134
738651054,SST,visual cortex,opto,54,57.500000000000135,0.21552139513460375,0.4947143508084737
738651054,SST,visual cortex,flash,88,52.50000000000013,0.2851730882493938,0.5294505704423583
739783171,PV,LGd,opto,16,22.500000000000103,0.330540401682808,0.6176948172647622
739783171,PV,LGd,flash,17,57.500000000000135,0.04047233893893704,0.4017237984685954
739783171,PV,LP,opto,8,12.500000000000094,0.13547447417794017,0.45908751047121654
739783171,PV,LP,flash,6,52.50000000000013,0.044444444444444446,0.451702778821733
739783171,PV,hippocampal formation,opto,3,17.5000000000001,0.0,0.39998931110042224
739783171,PV,thalamus,opto,7,12.500000000000094,0.10114285156048293,1.2464837632218488
739783171,PV,visual cortex,opto,93,12.500000000000094,0.2054402868663333,1.0977956777367115
739783171,PV,visual cortex,flash,46,57.500000000000135,0.2655583982516169,0.5401037571837113
744915204,SST,midbrain,flash,5,27.500000000000107,0.18044576523031203,0.4450323229324872
744915204,SST,visual cortex,opto,66,7.50000000000009,0.3409177382846844,0.8622452731995596
744915204,SST,visual cortex,flash,42,52.50000000000013,0.24211340181304486,0.5033339927922715
745276236,VIP,other / unassigned,opto,19,37.500000000000114,0.4663601114800285,0.6922164587035645
745276236,VIP,other / unassigned,flash,38,77.50000000000016,0.3996103121046376,0.7476252941147897
745276236,VIP,visual cortex,opto,46,52.50000000000013,0.2070817122241928,0.49934247745401134
745276236,VIP,visual cortex,flash,87,47.50000000000013,0.19370117564631292,0.4373433035369737
757329624,PV,hippocampal formation,opto,3,32.500000000000114,0.11485642946317104,0.5653884895151938
757329624,PV,hippocampal formation,flash,4,7.50000000000009,0.19549150036954913,0.670213648019073
757329624,PV,thalamus,opto,8,17.5000000000001,0.2996100464027501,0.6454607182674236
757329624,PV,thalamus,flash,9,52.50000000000013,0.43108372243761023,0.72594349930139
757329624,PV,visual cortex,opto,71,12.500000000000094,0.3447654759080002,0.7318254046626504
757329624,PV,visual cortex,flash,88,57.500000000000135,0.28537132369583235,0.5101089385394632
763236014,SST,LP,opto,9,2.5000000000000853,0.33156755728635545,0.7566311665533587
763236014,SST,LP,flash,10,57.500000000000135,0.20533099892552625,0.5613810496532557
763236014,SST,hippocampal formation,opto,5,27.500000000000107,0.0,0.43009899040506405
763236014,SST,midbrain,opto,11,17.5000000000001,0.43424025147033035,0.7946355756981317
763236014,SST,midbrain,flash,8,87.50000000000016,0.3394738594670906,0.6172456723919483
763236014,SST,thalamus,flash,3,52.50000000000013,0.047619047619047616,0.6254028592907017
763236014,SST,visual cortex,opto,54,17.5000000000001,0.22078841682712083,0.9124691631006302
763236014,SST,visual cortex,flash,83,57.500000000000135,0.18665238006290819,0.4801987854792359
763808604,SST,LP,opto,10,12.500000000000094,0.26652969948108796,0.7407772722422457
763808604,SST,hippocampal formation,opto,27,12.500000000000094,0.4029658197568021,0.8539856835568277
763808604,SST,hippocampal formation,flash,3,27.500000000000107,0.455511868355905,0.87932930365012
763808604,SST,other / unassigned,opto,19,7.50000000000009,0.19288009270390402,1.0781071909741184
763808604,SST,other / unassigned,flash,15,47.50000000000013,0.28889607543417556,0.6872712562874533
763808604,SST,thalamus,opto,26,7.50000000000009,0.44917623068723717,0.6461800935385719
763808604,SST,thalamus,flash,18,47.50000000000013,0.17380758042796807,0.5816149093542653
763808604,SST,visual cortex,opto,93,7.50000000000009,0.05820583532763584,0.7905699164019496
763808604,SST,visual cortex,flash,27,62.50000000000014,0.22885374473471976,0.5424107377605396
763884103,SST,hippocampal formation,opto,7,2.5000000000000853,0.10943519802743104,0.5737780906520917
763884103,SST,midbrain,opto,3,17.5000000000001,0.3083337342249162,0.7416471800029868
763884103,SST,midbrain,flash,7,97.50000000000017,0.3729474834148858,0.7317646756479951
763884103,SST,visual cortex,opto,191,7.50000000000009,0.059390130962124824,0.7412151434931669
763884103,SST,visual cortex,flash,87,52.50000000000013,0.2581340822637074,0.4889305393361734
769360779,VIP,LGd,flash,4,82.50000000000016,0.1811273703352602,0.6118655377549761
769360779,VIP,thalamus,flash,7,42.50000000000012,0.3657940751487532,0.6944593977913314
769360779,VIP,visual cortex,opto,100,52.50000000000013,0.22207302721989636,0.5223077862821323
769360779,VIP,visual cortex,flash,63,52.50000000000013,0.2712821612628215,0.5439270612435124
774672366,SST,hippocampal formation,opto,125,7.50000000000009,0.1871482204353278,0.8552569011505091
774672366,SST,hippocampal formation,flash,10,12.500000000000094,0.25028616560135186,0.5814058480873506
774672366,SST,midbrain,opto,20,12.500000000000094,0.1221081170100535,1.0818444298336403
774672366,SST,midbrain,flash,8,67.50000000000014,0.41284904831243907,0.7012679126435838
774672366,SST,thalamus,opto,67,12.500000000000094,0.3506713031738243,0.6585858606420725
774672366,SST,thalamus,flash,3,2.5000000000000853,0.40814075349796,0.8573407219937077
774672366,SST,visual cortex,opto,268,7.50000000000009,0.014042483807498599,0.615634733015749
774672366,SST,visual cortex,flash,123,57.500000000000135,0.2844280381380669,0.5277977202091518
775876828,VIP,LP,opto,28,52.50000000000013,0.27824657478736003,0.572192918703532
775876828,VIP,LP,flash,11,62.50000000000014,0.26707631817228084,0.6198778401533613
775876828,VIP,hippocampal formation,opto,9,62.50000000000014,0.21256924620636297,0.5875926031694761
775876828,VIP,hippocampal formation,flash,4,7.50000000000009,0.2660456359532615,0.6379950497666741
775876828,VIP,midbrain,flash,8,17.5000000000001,0.1767024301600164,0.5617696478393563
775876828,VIP,thalamus,opto,9,52.50000000000013,0.17159430226966774,0.6062695768172203
775876828,VIP,thalamus,flash,5,42.50000000000012,0.2283553143843889,0.7313538224100733
775876828,VIP,visual cortex,opto,100,52.50000000000013,0.22117203682911615,0.49510107784433277
775876828,VIP,visual cortex,flash,73,47.50000000000013,0.24359774548125862,0.477791174062053
776061251,PV,LP,opto,26,7.50000000000009,0.19753680644867236,0.5302993112844774
776061251,PV,LP,flash,32,52.50000000000013,0.0882574327877385,0.5404986507516867
776061251,PV,hippocampal formation,opto,8,12.500000000000094,0.24293815351848988,0.9256399130232644
776061251,PV,hippocampal formation,flash,4,22.500000000000103,0.08199643493761141,0.6324912238333945
776061251,PV,midbrain,opto,19,12.500000000000094,0.47340230138994793,0.8474010915550518
776061251,PV,midbrain,flash,10,122.5000000000002,0.5760670454446666,0.7832075139509954
776061251,PV,thalamus,opto,30,7.50000000000009,0.2916750249802477,0.7316142995858024
776061251,PV,thalamus,flash,4,57.500000000000135,0.43888651911965876,0.7138823358284692
776061251,PV,visual cortex,opto,132,7.50000000000009,0.0618031217358597,0.7286396106541635
776061251,PV,visual cortex,flash,66,47.50000000000013,0.2836438773498856,0.49648536451916414
791857608,VIP,LP,opto,14,92.50000000000017,0.47116646770823,0.7442791652341856
791857608,VIP,LP,flash,15,67.50000000000014,0.028067785020626613,0.5015681262192392
791857608,VIP,hippocampal formation,opto,8,17.5000000000001,0.31627113303993293,0.6391668850843479
791857608,VIP,thalamus,opto,19,62.50000000000014,0.6492237356415343,0.764671826102407
791857608,VIP,thalamus,flash,17,62.50000000000014,0.16402107320451706,0.5409444529394746
791857608,VIP,visual cortex,opto,56,52.50000000000013,0.439832221970687,0.6526855309300418
791857608,VIP,visual cortex,flash,87,47.50000000000013,0.17803708733040877,0.45081876530742915
795770036,VIP,LGd,opto,18,47.50000000000013,0.2915963331982416,0.6463590051413222
795770036,VIP,LGd,flash,16,42.50000000000012,0.3773051952488098,0.6628945647188474
795770036,VIP,LP,opto,6,77.50000000000016,0.16347749508425324,0.5867775807416022
795770036,VIP,LP,flash,13,72.50000000000014,0.2831074278624487,0.6496451734526318
795770036,VIP,hippocampal formation,opto,4,2.5000000000000853,0.141321044546851,0.5509353232114947
795770036,VIP,hippocampal formation,flash,8,97.50000000000017,0.4735032829579816,0.7417738355275477
795770036,VIP,midbrain,opto,6,47.50000000000013,0.076095947063689,0.7400502679615157
795770036,VIP,midbrain,flash,5,57.500000000000135,0.3486225975895924,0.6935450378764062
795770036,VIP,thalamus,opto,7,72.50000000000014,0.4124071418360073,0.7377505557874965
795770036,VIP,thalamus,flash,7,57.500000000000135,0.47853443194800266,0.7554594658578427
795770036,VIP,visual cortex,opto,59,52.50000000000013,0.24359783565221407,0.5522104976044399
795770036,VIP,visual cortex,flash,53,47.50000000000013,0.20857552610325558,0.47954025153309005
803390291,SST,hippocampal formation,opto,18,12.500000000000094,0.17624767486481543,0.7815911268002753
803390291,SST,hippocampal formation,flash,3,12.500000000000094,0.15282392026578073,0.7079047508077179
803390291,SST,midbrain,opto,14,17.5000000000001,0.351534183698322,0.8777225224235745
803390291,SST,midbrain,flash,6,67.50000000000014,0.4425886722489427,0.7827335799844961
803390291,SST,other / unassigned,opto,8,17.5000000000001,0.16305741936349116,0.8143667056844267
803390291,SST,visual cortex,opto,180,7.50000000000009,0.07498860183362152,0.6636295416405341
803390291,SST,visual cortex,flash,49,52.50000000000013,0.21994781656956947,0.4997371044918267
811322619,PV,hippocampal formation,opto,4,12.500000000000094,0.0,0.9128624959744912
811322619,PV,hippocampal formation,flash,5,72.50000000000014,0.3923251372333734,0.7754746148357816
811322619,PV,visual cortex,opto,199,7.50000000000009,0.01873273875897269,0.8612017680520974
811322619,PV,visual cortex,flash,89,52.50000000000013,0.20647232234250384,0.4690845236839578
813701562,VIP,LGd,opto,17,92.50000000000017,0.10504910524590387,0.5810673552610033
813701562,VIP,LGd,flash,4,92.50000000000017,0.09871244635193133,0.5793170498472854
813701562,VIP,hippocampal formation,opto,7,52.50000000000013,0.1635240973511022,0.5578916622185739
813701562,VIP,hippocampal formation,flash,5,22.500000000000103,0.2998512856727454,0.6907895377162965
813701562,VIP,visual cortex,opto,96,47.50000000000013,0.23963872251953908,0.5004899940054961
813701562,VIP,visual cortex,flash,52,52.50000000000013,0.23511668537141217,0.5051746866835003
817060751,SST,LGd,opto,5,27.500000000000107,0.17305461692554416,1.8430889914387167
817060751,SST,LGd,flash,5,57.500000000000135,0.0,0.6067459284150267
817060751,SST,LP,opto,22,2.5000000000000853,0.2560404644680911,0.6593055573369084
817060751,SST,LP,flash,21,57.500000000000135,0.10928829549851901,0.43498409823622913
817060751,SST,hippocampal formation,opto,14,2.5000000000000853,0.3063795374531718,0.8872475854509556
817060751,SST,hippocampal formation,flash,4,12.500000000000094,0.28102866772368085,0.7766289532174698
817060751,SST,midbrain,opto,15,12.500000000000094,0.19319836468949747,0.6913721233307331
817060751,SST,midbrain,flash,7,87.50000000000016,0.3011084663785114,0.6984648279694476
817060751,SST,visual cortex,opto,224,2.5000000000000853,0.008623649894593435,0.507088833217007
817060751,SST,visual cortex,flash,178,52.50000000000013,0.17285614873936014,0.45490147048694646
820866121,PV,LP,opto,28,22.500000000000103,0.4241548038697553,0.6360037264123046
820866121,PV,LP,flash,35,72.50000000000014,0.19647011168016157,0.543612624521299
820866121,PV,hippocampal formation,opto,4,2.5000000000000853,0.16995073891625614,0.8387161319435341
820866121,PV,midbrain,opto,13,17.5000000000001,0.4424960523974091,0.7822113433217373
820866121,PV,thalamus,opto,16,2.5000000000000853,0.3536729736076062,0.8210975134619122
820866121,PV,thalamus,flash,12,32.500000000000114,0.619751403131603,0.798137119165539
820866121,PV,visual cortex,opto,153,7.50000000000009,0.03625395926294924,0.6532816727271634
820866121,PV,visual cortex,flash,41,67.50000000000014,0.15548550816732892,0.4624895508668198
821469666,PV,LGd,opto,3,22.500000000000103,0.072665658612961,0.5231076518283061
821469666,PV,LGd,flash,3,42.50000000000012,0.3743179928933284,0.7849361198269476
821469666,PV,hippocampal formation,opto,25,7.50000000000009,0.2059572044121748,0.806041830892233
821469666,PV,visual cortex,opto,93,7.50000000000009,0.00687508640563757,0.671616859917998
821469666,PV,visual cortex,flash,35,67.50000000000014,0.295211223360702,0.5758241436885421
