criterion,circular_with_reference,n_pass_real,sham_fpr,sham_n_pass,implied_fdr,sensitivity,specificity,precision,sham_fpr_ci_low,sham_fpr_ci_high,sensitivity_ci_low,sensitivity_ci_high,specificity_ci_low,specificity_ci_high,precision_ci_low,precision_ci_high
allen_lakunina,False,126,0.00031570639305445933,6,0.047619047619047616,0.3057142857142857,0.999405276816609,0.8492063492063492,0.0,0.0007472155449240861,0.20666398760813653,0.39459620836286313,0.9990073940851093,0.9997285641848652,0.679228436657682,0.9338356054100472
allen_lakunina_raw,False,235,0.009155485398579322,174,0.7404255319148937,0.15142857142857144,0.9905384948096886,0.225531914893617,0.007262747805320657,0.010986863265989508,0.08834822572966639,0.21324149041639123,0.9885046503404993,0.9924782511729211,0.09338391699092088,0.36844476055002356
latency_lt8,False,13472,0.7060247303341226,13418,0.9959916864608076,0.9914285714285714,0.2988754325259516,0.02575712589073634,0.6843650582891861,0.7274350352734443,0.9803141288676944,1.0,0.27506383138484614,0.3220513395323166,0.014487162289439285,0.03933132023578384
rel030_mod2,False,266,0.00026308866087871614,5,0.018796992481203006,0.7057142857142857,0.9997296712802768,0.9285714285714286,5.606898552156053e-05,0.0004767460493307995,0.6434290401968826,0.7518248175182481,0.9994952768414973,0.999904081415124,0.8440340457124675,0.9705903915818527
heuristic_full,False,265,0.00026308866087871614,5,0.018867924528301886,0.7057142857142857,0.9997837370242214,0.9320754716981132,5.606898552156053e-05,0.0004767460493307995,0.6434290401968826,0.7518248175182481,0.9995741866547548,0.9999472085172726,0.8484805924412666,0.9738568188469418
salt_p01,False,454,0.0024730334122599314,47,0.10352422907488985,0.9457142857142857,0.9978914359861591,0.7290748898678414,0.0019287486713922266,0.003022745268876598,0.9263498483316481,0.9572380818566517,0.9972367387364325,0.998487592584055,0.6070109395109395,0.801460845187643
salt_bh,False,381,0.0,0,0.0,0.8857142857142857,0.9987024221453287,0.8136482939632546,0.0,0.0,0.8451876096639223,0.908867777824163,0.9981714892166641,0.9991953402126155,0.6959431306306306,0.8790998858775229
zeta9_bh,False,17,0.0,0,0.0,0.04285714285714286,1.0,0.8823529411764706,0.0,0.0,0.01933095130890306,0.06988577687372866,1.0,1.0,0.7692307692307693,1.0
zeta51_bh,False,1085,0.0,0,0.0,0.9285714285714286,0.96280276816609,0.2995391705069124,0.0,0.0,0.88932768608756,0.9607843137254902,0.9540057317093049,0.9715718322598296,0.20078482898175992,0.3869932917756913
exact_bh,True,396,0.0,0,0.0,1.0,1.0,0.8838383838383839,0.0,0.0,1.0,1.0,1.0,1.0,0.818476166047363,0.9205135658914728
lfdr05,True,375,0.00010523546435148645,2,0.005333333333333333,1.0,1.0,0.9333333333333333,0.0,0.00026636880971311205,1.0,1.0,1.0,1.0,0.8637632898393138,0.9734226619233822
