session,v,units,aligned,spont,ccg,flashes,spont_trains,spont_count_match
715093703,2,932,True,True,True,150,True,True
719161530,2,790,True,True,True,150,True,True
721123822,2,452,True,True,True,150,True,True
746083955,2,607,True,True,True,150,True,True
751348571,2,891,True,True,True,150,True,True
755434585,2,678,True,True,True,150,True,True
756029989,2,720,True,True,True,150,True,True
758798717,2,606,True,True,True,150,True,True
760345702,2,521,True,True,True,150,True,True
760693773,2,846,True,True,True,150,True,True
762120172,2,738,True,True,True,150,True,True
762602078,2,553,True,True,True,150,True,True
773418906,2,575,True,True,True,150,True,True
786091066,2,733,True,True,True,150,True,True
787025148,2,723,True,True,True,150,True,True
789848216,2,429,True,True,True,150,True,True
791319847,2,581,True,True,True,150,True,True
794812542,2,1036,True,True,True,150,True,True
797828357,2,629,True,True,True,150,True,True
798911424,2,844,True,True,True,150,True,True
816200189,2,655,True,True,True,150,True,True
819701982,2,598,True,True,True,150,True,True
829720705,2,561,True,True,True,150,True,True
831882777,2,673,True,True,True,150,True,True
835479236,2,595,True,True,True,150,True,True
839068429,2,767,True,True,True,150,True,True
839557629,2,477,True,True,True,150,True,True
840012044,2,795,True,True,True,150,True,True
