specimen_id,cre_line,units,driven,cum_share
821469666,Pvalb-IRES-Cre,477,50,0.143
811322619,Pvalb-IRES-Cre,561,47,0.277
820866121,Pvalb-IRES-Cre,795,44,0.403
774672366,Sst-IRES-Cre,1036,43,0.526
817060751,Sst-IRES-Cre,767,30,0.611
776061251,Pvalb-IRES-Cre,629,27,0.689
803390291,Sst-IRES-Cre,673,27,0.766
763808604,Sst-IRES-Cre,429,20,0.823
707296982,Pvalb-IRES-Cre,452,11,0.854
795770036,Vip-IRES-Cre,598,10,0.883
763884103,Sst-IRES-Cre,733,9,0.909
769360779,Vip-IRES-Cre,581,5,0.923
703279284,Sst-IRES-Cre,790,4,0.934
699733581,Sst-IRES-Cre,932,3,0.943
734865738,Sst-IRES-Cre,720,3,0.951
763236014,Sst-IRES-Cre,723,3,0.96
739783171,Pvalb-IRES-Cre,521,2,0.966
735109609,Sst-IRES-Cre,606,2,0.971
730760270,Vip-IRES-Cre,678,2,0.977
744915204,Sst-IRES-Cre,553,2,0.983
813701562,Vip-IRES-Cre,595,2,0.989
775876828,Vip-IRES-Cre,844,2,0.994
732548380,Vip-IRES-Cre,891,1,0.997
745276236,Vip-IRES-Cre,738,1,1.0
738651054,Sst-IRES-Cre,846,0,1.0
726170935,Pvalb-IRES-Cre,607,0,1.0
757329624,Pvalb-IRES-Cre,575,0,1.0
791857608,Vip-IRES-Cre,655,0,1.0
