model,ablated_family,test_specimen,balanced_accuracy,macro_f1,auroc,auprc
logistic_regression,temporal,707296982,0.9251389342922524,0.8727064220183487,0.998365478914678,0.9214285714285713
random_forest,temporal,707296982,0.5,0.4960272417707151,1.0,1.0
xgboost,temporal,707296982,0.7142857142857143,0.7977220956719817,0.7142857142857143,0.4375804375804376
mlp,temporal,707296982,0.965675057208238,0.6413183972425679,0.9986923831317424,0.9367346938775509
gcn,temporal,707296982,0.5941484145145473,0.45558242870802634,0.680614579928081,0.05198610554999955
logistic_regression,temporal,739783171,0.999,0.8328328328328328,0.998,0.5
random_forest,temporal,739783171,0.5,0.4995004995004995,1.0,1.0
xgboost,temporal,739783171,1.0,1.0,1.0,1.0
mlp,temporal,739783171,0.9530000000000001,0.4957491915968906,0.998,0.5
gcn,temporal,739783171,0.773,0.3575362818260393,0.981,0.09090909090909091
logistic_regression,temporal,746083955,0.9982817869415808,0.4995700773860705,,
random_forest,temporal,746083955,1.0,1.0,,
xgboost,temporal,746083955,1.0,1.0,,
mlp,temporal,746083955,0.9329896907216495,0.4826666666666667,,
gcn,temporal,746083955,0.8092783505154639,0.4472934472934473,,
logistic_regression,reliability,707296982,0.9262830990519777,0.8982817869415808,0.9980385746976136,0.9123376623376622
random_forest,reliability,707296982,0.5,0.4960272417707151,0.996730957829356,0.8075353218210362
xgboost,reliability,707296982,0.7142857142857143,0.7977220956719817,0.7142857142857143,0.4375804375804376
mlp,reliability,707296982,0.9450800915331807,0.5838475357338123,0.9990192873488069,0.9571428571428571
gcn,reliability,707296982,0.8347499182739457,0.5108249817481915,0.8729977116704806,0.09448172222818667
logistic_regression,reliability,739783171,0.998,0.7489979959919839,0.998,0.5
random_forest,reliability,739783171,0.5,0.4995004995004995,0.998,0.5
xgboost,reliability,739783171,0.999,0.8328328328328328,1.0,1.0
mlp,reliability,739783171,0.944,0.4875803623611923,0.998,0.5
gcn,reliability,739783171,0.871,0.43358077492747654,0.9830000000000001,0.1
logistic_regression,reliability,746083955,0.9982817869415808,0.4995700773860705,,
random_forest,reliability,746083955,1.0,1.0,,
xgboost,reliability,746083955,0.9982817869415808,0.4995700773860705,,
mlp,reliability,746083955,0.9140893470790378,0.47755834829443444,,
gcn,reliability,746083955,1.0,1.0,,
logistic_regression,firing,707296982,0.9262830990519777,0.8982817869415808,0.9977116704805493,0.9047619047619047
random_forest,firing,707296982,0.5,0.4960272417707151,0.9225237005557372,0.6645899145899146
xgboost,firing,707296982,0.7142857142857143,0.7977220956719817,0.7142857142857143,0.4375804375804376
mlp,firing,707296982,0.9462242562929062,0.5863381370547307,0.9990192873488069,0.9571428571428571
gcn,firing,707296982,0.8358940830336712,0.5121925076370653,0.894573389996731,0.10169405302629324
logistic_regression,firing,739783171,0.999,0.8328328328328328,0.998,0.5
random_forest,firing,739783171,0.5,0.4995004995004995,0.998,0.5
xgboost,firing,739783171,0.499,0.499,0.998,0.5
mlp,firing,739783171,0.9510000000000001,0.4938454877219026,0.9980000000000001,0.5
gcn,firing,739783171,0.9199999999999999,0.4687168610816543,0.9850000000000001,0.1111111111111111
logistic_regression,firing,746083955,0.9965635738831615,0.4991394148020654,,
random_forest,firing,746083955,1.0,1.0,,
xgboost,firing,746083955,1.0,1.0,,
mlp,firing,746083955,0.9192439862542955,0.4789615040286482,,
gcn,firing,746083955,0.993127147766323,0.4982758620689655,,
logistic_regression,statistical,707296982,0.9262830990519777,0.8982817869415808,0.9970578620464204,0.8928571428571428
random_forest,statistical,707296982,0.5,0.4960272417707151,1.0,1.0
xgboost,statistical,707296982,0.7142857142857143,0.7977220956719817,0.7142857142857143,0.4375804375804376
mlp,statistical,707296982,0.9565217391304348,0.6118881118881119,0.9993461915658712,0.9682539682539681
gcn,statistical,707296982,0.784406668846028,0.4583857613508659,0.846355017979732,0.13453813682575097
logistic_regression,statistical,739783171,0.999,0.8328328328328328,0.998,0.5
random_forest,statistical,739783171,1.0,1.0,1.0,1.0
xgboost,statistical,739783171,1.0,1.0,1.0,1.0
mlp,statistical,739783171,0.96,0.5029761904761905,0.998,0.5
gcn,statistical,739783171,0.86,0.42564690468391747,0.993,0.2
logistic_regression,statistical,746083955,0.9965635738831615,0.4991394148020654,,
random_forest,statistical,746083955,1.0,1.0,,
xgboost,statistical,746083955,1.0,1.0,,
mlp,statistical,746083955,0.9398625429553265,0.4844995571302037,,
gcn,statistical,746083955,0.9914089347079038,0.49784296807592754,,
logistic_regression,optical,707296982,0.994279176201373,0.8655441826661014,0.9980385746976136,0.859750566893424
random_forest,optical,707296982,0.5,0.4960272417707151,1.0,1.0
xgboost,optical,707296982,0.8571428571428572,0.9155251141552512,0.9952598888525662,0.8445378151260503
mlp,optical,707296982,0.9725400457665904,0.6700928792569659,0.9973847662634847,0.8333333333333333
gcn,optical,707296982,0.7597254004576659,0.37311746987951805,0.7616868257600522,0.04515796783533211
logistic_regression,optical,739783171,0.498,0.4984984984984985,0.996,0.3333333333333333
random_forest,optical,739783171,0.5,0.4995004995004995,1.0,1.0
xgboost,optical,739783171,1.0,1.0,1.0,1.0
mlp,optical,739783171,0.962,0.5052494802494802,0.998,0.5
gcn,optical,739783171,0.6990000000000001,0.28799274777263134,0.9790000000000001,0.08333333333333333
logistic_regression,optical,746083955,0.9982817869415808,0.4995700773860705,,
random_forest,optical,746083955,1.0,1.0,,
xgboost,optical,746083955,1.0,1.0,,
mlp,optical,746083955,0.929553264604811,0.4817453250222618,,
gcn,optical,746083955,0.8505154639175257,0.4596100278551532,,
logistic_regression,dynamics,707296982,0.9262830990519777,0.8982817869415808,0.998365478914678,0.9276437847866419
random_forest,dynamics,707296982,0.5,0.4960272417707151,0.9991827394573389,0.9379251700680273
xgboost,dynamics,707296982,0.7142857142857143,0.7977220956719817,0.7142857142857143,0.4375804375804376
mlp,dynamics,707296982,0.9771167048054921,0.6941727510676401,1.0,0.9999999999999998
gcn,dynamics,707296982,0.7860411899313502,0.39872688956961916,0.8237986270022883,0.051274212833003735
logistic_regression,dynamics,739783171,0.999,0.8328328328328328,0.998,0.5
random_forest,dynamics,739783171,0.5,0.4995004995004995,1.0,1.0
xgboost,dynamics,739783171,1.0,1.0,1.0,1.0
mlp,dynamics,739783171,0.9650000000000001,0.5088923120011203,0.998,0.5
gcn,dynamics,739783171,0.713,0.3021979355226952,0.9470000000000001,0.03571428571428571
logistic_regression,dynamics,746083955,0.9982817869415808,0.4995700773860705,,
random_forest,dynamics,746083955,1.0,1.0,,
xgboost,dynamics,746083955,1.0,1.0,,
mlp,dynamics,746083955,0.9484536082474226,0.48677248677248675,,
gcn,dynamics,746083955,0.929553264604811,0.4817453250222618,,
