test_specimen,graph_topology,balanced_accuracy,macro_f1,auroc,auprc
707296982,Real Spatial Graph (k=5),0.7639751552795031,0.6205128205128205,0.9074861065707748,0.23172413133821076
707296982,Randomized-Edge Graph (Degree-Preserving),0.8525661981039556,0.8090596330275229,0.9888852566198104,0.672985347985348
739783171,Real Spatial Graph (k=5),0.477,0.48773006134969327,0.277,0.0027548209366391185
739783171,Randomized-Edge Graph (Degree-Preserving),0.498,0.4984984984984985,0.986,0.125
746083955,Real Spatial Graph (k=5),1.0,1.0,,
746083955,Randomized-Edge Graph (Degree-Preserving),0.993127147766323,0.4982758620689655,,
715093703,Real Spatial Graph (k=5),0.812902005297011,0.5380682700862909,0.9090049186530458,0.19099149093599704
715093703,Randomized-Edge Graph (Degree-Preserving),0.8287930382141506,0.6512820512820513,0.9632992811199395,0.5102040816326531
719161530,Real Spatial Graph (k=5),0.9827586206896552,0.5269423558897243,0.9927055702917772,0.14285714285714285
719161530,Randomized-Edge Graph (Degree-Preserving),0.9993368700265253,0.8330015483300155,0.9986737400530504,0.5
751348571,Real Spatial Graph (k=5),0.9900932400932401,0.5476286360397757,0.9842657342657343,0.0625
751348571,Randomized-Edge Graph (Degree-Preserving),0.49417249417249415,0.4967779730521383,0.9242424242424242,0.015151515151515152
755434585,Real Spatial Graph (k=5),0.5,0.4996150885296382,0.8990755007704161,0.014925373134328358
755434585,Randomized-Edge Graph (Degree-Preserving),1.0,1.0,1.0,1.0
756029989,Real Spatial Graph (k=5),0.7390029325513197,0.5496296296296296,0.9824046920821115,0.10263157894736842
756029989,Randomized-Edge Graph (Degree-Preserving),0.4970674486803519,0.4977973568281938,0.9721407624633431,0.1119047619047619
758798717,Real Spatial Graph (k=5),0.6403954802259887,0.5142360680153903,0.8409604519774012,0.05345135350594433
758798717,Randomized-Edge Graph (Degree-Preserving),0.9957627118644068,0.7705996131528046,0.9977401129943503,0.7
760693773,Real Spatial Graph (k=5),1.0,1.0,,
760693773,Randomized-Edge Graph (Degree-Preserving),1.0,1.0,,
762120172,Real Spatial Graph (k=5),0.4993016759776536,0.4993016759776536,0.9594972067039106,0.03333333333333333
762120172,Randomized-Edge Graph (Degree-Preserving),0.4993016759776536,0.4993016759776536,0.958100558659218,0.03225806451612903
762602078,Real Spatial Graph (k=5),0.46880907372400754,0.48296007789678674,0.8327032136105861,0.016234616391725583
762602078,Randomized-Edge Graph (Degree-Preserving),0.4933837429111531,0.49572649572649574,0.9858223062381852,0.1625
773418906,Real Spatial Graph (k=5),0.9340659340659341,0.48295454545454547,,
773418906,Randomized-Edge Graph (Degree-Preserving),0.9908424908424909,0.49770009199632015,,
786091066,Real Spatial Graph (k=5),0.8217893217893217,0.562923150381371,0.9406307977736549,0.25165344398629014
786091066,Randomized-Edge Graph (Degree-Preserving),0.9199134199134199,0.7352727272727273,0.9734075448361162,0.5109588823874538
787025148,Real Spatial Graph (k=5),0.729106628242075,0.5202205882352942,0.8584293948126802,0.06770833333333333
787025148,Randomized-Edge Graph (Degree-Preserving),0.7413544668587897,0.5619462599854756,0.9538904899135447,0.5151515151515151
789848216,Real Spatial Graph (k=5),0.8224263298890164,0.6019796963500479,0.9387676999617298,0.297441318352256
789848216,Randomized-Edge Graph (Degree-Preserving),0.8609835438193647,0.7241358472322938,0.969766551856104,0.6271727093289909
791319847,Real Spatial Graph (k=5),0.9773139745916515,0.6096058073773951,0.9857078039927405,0.3017399267399267
791319847,Randomized-Edge Graph (Degree-Preserving),0.9945553539019965,0.7829770594369134,0.9995462794918331,0.95
794812542,Real Spatial Graph (k=5),0.925849639546859,0.6203328646084748,0.9506270067244199,0.3933906404459587
794812542,Randomized-Edge Graph (Degree-Preserving),0.9531410916580845,0.6892551705860168,0.9856121645362574,0.6870361297853053
797828357,Real Spatial Graph (k=5),0.8796791443850267,0.5630588960838729,0.9277579718756189,0.4321057745415232
797828357,Randomized-Edge Graph (Degree-Preserving),0.8923054070112894,0.5841009153052948,0.9862348979996038,0.870502050141572
798911424,Real Spatial Graph (k=5),0.995752427184466,0.608978265285395,1.0,1.0
798911424,Randomized-Edge Graph (Degree-Preserving),0.9993932038834952,0.833029751062538,1.0,1.0
816200189,Real Spatial Graph (k=5),1.0,1.0,,
816200189,Randomized-Edge Graph (Degree-Preserving),1.0,1.0,,
819701982,Real Spatial Graph (k=5),0.9427083333333333,0.5767561168113654,0.9603587962962963,0.3048399075794056
819701982,Randomized-Edge Graph (Degree-Preserving),0.9817708333333333,0.7214854111405835,0.9955632716049383,0.765079365079365
829720705,Real Spatial Graph (k=5),0.7987942303358124,0.5352036851754978,0.8864379084967321,0.31954127166741864
829720705,Randomized-Edge Graph (Degree-Preserving),0.8255578093306288,0.5418898779554517,0.9753211629479378,0.816256827985282
831882777,Real Spatial Graph (k=5),0.8242696475106295,0.604978354978355,0.9179124948566726,0.28237049876085263
831882777,Randomized-Edge Graph (Degree-Preserving),0.9016595803044849,0.7169865505193127,0.9728432313811549,0.7538800101028784
835479236,Real Spatial Graph (k=5),0.9862068965517241,0.593006993006993,0.993103448275862,0.34090909090909094
835479236,Randomized-Edge Graph (Degree-Preserving),0.996551724137931,0.7482698961937716,0.9982758620689655,0.75
839068429,Real Spatial Graph (k=5),0.8603791030975497,0.6420646406174626,0.9252030909451159,0.3375688808697872
839068429,Randomized-Edge Graph (Degree-Preserving),0.9350439204808136,0.7827939502358108,0.969618915527376,0.825850696759503
839557629,Real Spatial Graph (k=5),0.8305288461538461,0.5606533766332684,0.8878676470588236,0.3108603826614844
839557629,Randomized-Edge Graph (Degree-Preserving),0.7584134615384616,0.46712305362939566,0.968679298642534,0.7223024527805646
840012044,Real Spatial Graph (k=5),0.8722979648290852,0.5816203305691128,0.943015214384509,0.48283024725448564
840012044,Randomized-Edge Graph (Degree-Preserving),0.8845089903181189,0.5823939456920129,0.9821774352894685,0.7825266641393138
