validation_scheme,model,balanced_accuracy,macro_f1,auroc,auprc,sensitivity,specificity,precision,brier_loss,confusion_matrix
Stratified 5-Fold,logistic_regression,0.99435,0.94161,0.99982,0.98842,0.99231,0.9964,0.79876,0.00281,"[[17991, 65], [2, 258]]"
Stratified 5-Fold,linear_svm,0.94599,0.96539,0.9998,0.98791,0.89231,0.99967,0.97479,0.001376,"[[18050, 6], [28, 232]]"
Stratified 5-Fold,random_forest,0.99607,0.99513,0.99999,0.99963,0.99231,0.99983,0.98851,0.000236,"[[18053, 3], [2, 258]]"
Stratified 5-Fold,gradient_boosting,0.99607,0.99513,0.9999,0.9854,0.99231,0.99983,0.98851,0.000301,"[[18053, 3], [2, 258]]"
Stratified 5-Fold,xgboost,0.99997,0.99903,0.99995,0.99111,1.0,0.99994,0.99617,7.1e-05,"[[18055, 1], [0, 260]]"
Stratified 10-Fold,logistic_regression,0.9943,0.94007,0.99982,0.98848,0.99231,0.99629,0.79385,0.00291,"[[17989, 67], [2, 258]]"
Stratified 10-Fold,linear_svm,0.94602,0.96634,0.99983,0.98884,0.89231,0.99972,0.9789,0.001299,"[[18051, 5], [28, 232]]"
Stratified 10-Fold,random_forest,0.9961,0.9961,1.0,0.99966,0.99231,0.99989,0.99231,0.000235,"[[18054, 2], [2, 258]]"
Stratified 10-Fold,gradient_boosting,0.99415,0.99415,0.99994,0.98821,0.98846,0.99983,0.98846,0.000306,"[[18053, 3], [3, 257]]"
Stratified 10-Fold,xgboost,0.99997,0.99903,0.99995,0.98899,1.0,0.99994,0.99617,7e-05,"[[18055, 1], [0, 260]]"
Specimen LOSO (28 Folds),logistic_regression,0.99438,0.94238,0.99981,0.98837,0.99231,0.99646,0.80124,0.002831,"[[17992, 64], [2, 258]]"
Specimen LOSO (28 Folds),linear_svm,0.94409,0.96526,0.99977,0.9872,0.88846,0.99972,0.97881,0.001386,"[[18051, 5], [29, 231]]"
Specimen LOSO (28 Folds),random_forest,0.99805,0.99805,1.0,0.9997,0.99615,0.99994,0.99615,0.000218,"[[18055, 1], [1, 259]]"
Specimen LOSO (28 Folds),gradient_boosting,0.99607,0.99513,0.99995,0.99339,0.99231,0.99983,0.98851,0.000316,"[[18053, 3], [2, 258]]"
Specimen LOSO (28 Folds),xgboost,0.99997,0.99903,0.99995,0.98654,1.0,0.99994,0.99617,7.3e-05,"[[18055, 1], [0, 260]]"
