balanced_accuracy,macro_f1,precision,recall,specificity,auroc,auprc,brier_score,tp,fp,tn,fn,model,test_specimen,test_session,validation_scheme,feature_set,n_train,n_test,n_pos_test
0.9262830990519777,0.8982817869415808,0.75,0.8571428571428571,0.9954233409610984,0.998365478914678,0.9276437847866419,0.005108781795310464,6,2,435,1,logistic_regression,707296982,721123822,session_loso,full,1083,444,7
0.7857142857142857,0.8619259873535814,1.0,0.5714285714285714,1.0,0.95096436744034,0.8431449502878072,0.032084016861278285,4,0,437,3,linear_svm,707296982,721123822,session_loso,full,1083,444,7
0.5,0.4960272417707151,0.0,0.0,1.0,0.9996730957829355,0.982142857142857,0.01122545045045045,0,0,437,7,random_forest,707296982,721123822,session_loso,full,1083,444,7
0.7142857142857143,0.7977220956719817,1.0,0.42857142857142855,1.0,0.7142857142857143,0.4375804375804376,0.00900889694990747,3,0,437,4,gradient_boosting,707296982,721123822,session_loso,full,1083,444,7
0.7142857142857143,0.7977220956719817,1.0,0.42857142857142855,1.0,0.7142857142857143,0.4375804375804376,0.00895162238138383,3,0,437,4,xgboost,707296982,721123822,session_loso,full,1083,444,7
0.9702517162471396,0.6596698113207546,0.21212121212121213,1.0,0.9405034324942791,1.0,0.9999999999999998,0.14311203685031834,7,26,411,0,mlp,707296982,721123822,session_loso,full,1083,444,7
0.8399803857469761,0.6753129436056265,0.25,0.7142857142857143,0.965675057208238,0.9372343903236351,0.3431666035114311,0.12825900034534318,5,15,422,2,gcn,707296982,721123822,session_loso,full,1083,444,7
0.9782608695652174,0.701010101010101,0.2692307692307692,1.0,0.9565217391304348,0.9947695325269695,0.81156462585034,0.08974986131919711,7,19,418,0,graphsage,707296982,721123822,session_loso,full,1083,444,7
0.8056554429552141,0.5594401165368295,0.1,0.7142857142857143,0.897025171624714,0.8832951945080091,0.14917053556963403,0.09306451761437641,5,45,392,2,gat,707296982,721123822,session_loso,full,1083,444,7
0.999,0.8328328328328328,0.5,1.0,0.998,0.998,0.5,0.002224649788095234,1,1,499,0,logistic_regression,739783171,760345702,session_loso,full,1026,501,1
0.999,0.8328328328328328,0.5,1.0,0.998,0.998,0.5,0.03623116352433298,1,1,499,0,linear_svm,739783171,760345702,session_loso,full,1026,501,1
0.5,0.4995004995004995,0.0,0.0,1.0,1.0,1.0,0.0013081836327345309,0,0,500,1,random_forest,739783171,760345702,session_loso,full,1026,501,1
1.0,1.0,1.0,1.0,1.0,1.0,1.0,2.8669431774416165e-09,1,0,500,0,gradient_boosting,739783171,760345702,session_loso,full,1026,501,1
1.0,1.0,1.0,1.0,1.0,1.0,1.0,0.0004864335592428206,1,0,500,0,xgboost,739783171,760345702,session_loso,full,1026,501,1
0.952,0.49478991596638655,0.02040816326530612,1.0,0.904,0.998,0.5,0.13801590770069727,1,48,452,0,mlp,739783171,760345702,session_loso,full,1026,501,1
0.471,0.4845679012345679,0.0,0.0,0.942,0.487,0.003875968992248062,0.15738892223422998,0,29,471,1,gcn,739783171,760345702,session_loso,full,1026,501,1
0.9450000000000001,0.4884433305485937,0.017857142857142856,1.0,0.89,0.992,0.2,0.12085512651054804,1,55,445,0,graphsage,739783171,760345702,session_loso,full,1026,501,1
0.979,0.5327530310432118,0.045454545454545456,1.0,0.958,0.994,0.25,0.07280574700286671,1,21,479,0,gat,739783171,760345702,session_loso,full,1026,501,1
0.9982817869415808,0.4995700773860705,0.0,0.0,0.9982817869415808,,,0.0016688863885150561,0,1,581,0,logistic_regression,746083955,746083955,session_loso,full,945,582,0
0.9982817869415808,0.4995700773860705,0.0,0.0,0.9982817869415808,,,0.02488752791029466,0,1,581,0,linear_svm,746083955,746083955,session_loso,full,945,582,0
1.0,1.0,0.0,0.0,1.0,,,5.137457044673541e-05,0,0,582,0,random_forest,746083955,746083955,session_loso,full,945,582,0
1.0,1.0,0.0,0.0,1.0,,,3.2522702312365882e-09,0,0,582,0,gradient_boosting,746083955,746083955,session_loso,full,945,582,0
1.0,1.0,0.0,0.0,1.0,,,5.4042867170568834e-05,0,0,582,0,xgboost,746083955,746083955,session_loso,full,945,582,0
0.9415807560137457,0.4849557522123894,0.0,0.0,0.9415807560137457,,,0.1260523949310216,0,34,548,0,mlp,746083955,746083955,session_loso,full,945,582,0
0.9965635738831615,0.4991394148020654,0.0,0.0,0.9965635738831615,,,0.20695838942814018,0,2,580,0,gcn,746083955,746083955,session_loso,full,945,582,0
0.9965635738831615,0.4991394148020654,0.0,0.0,0.9965635738831615,,,0.03557856646060612,0,2,580,0,graphsage,746083955,746083955,session_loso,full,945,582,0
1.0,1.0,0.0,0.0,1.0,,,0.015702904165742767,0,0,582,0,gat,746083955,746083955,session_loso,full,945,582,0
