test_specimen,configuration,k_neighbors,balanced_accuracy,macro_f1,auroc,auprc
707296982,Independent-Unit (XGBoost),0,0.7142857142857143,0.7977220956719817,0.7142857142857143,0.4375804375804376
707296982,Independent-Unit (MLP),0,0.9668192219679634,0.6456309343608091,0.9986923831317424,0.9367346938775508
707296982,Spatial Graph GCN (k=3),3,0.8354037267080745,0.649038280573644,0.9521085322000652,0.5225320897589805
707296982,Spatial Graph GraphSAGE (k=3),3,0.8468453743053286,0.7317515241390673,0.9816933638443937,0.6321428571428571
707296982,Spatial Graph GCN (k=5),5,0.6982674076495586,0.6145833333333333,0.9179470415168356,0.3709741604151542
707296982,Spatial Graph GraphSAGE (k=5),5,0.9851258581235698,0.7517098980513615,0.9908466819221968,0.716919191919192
707296982,Spatial Graph GCN (k=10),10,0.7719843085975808,0.6652425232470469,0.9074861065707748,0.2793343921590674
707296982,Spatial Graph GraphSAGE (k=10),10,0.9782608695652174,0.701010101010101,0.9993461915658712,0.9617346938775512
707296982,Same-Probe Graph (GCN),-1,0.8363844393592678,0.4467747697508866,0.856162144491664,0.0561725495089644
739783171,Independent-Unit (XGBoost),0,1.0,1.0,1.0,1.0
739783171,Independent-Unit (MLP),0,0.951,0.4938454877219026,0.998,0.5
739783171,Spatial Graph GCN (k=3),3,0.437,0.4658848614072494,0.5720000000000001,0.0046511627906976
739783171,Spatial Graph GraphSAGE (k=3),3,0.961,0.5040988807390675,0.998,0.5
739783171,Spatial Graph GCN (k=5),5,0.477,0.4877300613496932,0.683,0.00625
739783171,Spatial Graph GraphSAGE (k=5),5,0.962,0.5052494802494802,0.998,0.5
739783171,Spatial Graph GCN (k=10),10,0.489,0.4939393939393939,0.8340000000000001,0.0119047619047619
739783171,Spatial Graph GraphSAGE (k=10),10,0.969,0.5143071582700066,0.998,0.5
739783171,Same-Probe Graph (GCN),-1,0.5,0.4995004995004995,0.948,0.0303030303030303
