cre_line,dist_bin,pairs,inh_frac
Pvalb-IRES-Cre,"(-1, 50]",1571,0.16677275620623808
Pvalb-IRES-Cre,"(50, 100]",1781,0.1111734980348119
Pvalb-IRES-Cre,"(100, 200]",2462,0.041429731925264016
Pvalb-IRES-Cre,"(200, 300]",1818,0.01595159515951595
Sst-IRES-Cre,"(-1, 50]",1417,0.051517290049400144
Sst-IRES-Cre,"(50, 100]",1602,0.04744069912609238
Sst-IRES-Cre,"(100, 200]",2371,0.0388021931674399
Sst-IRES-Cre,"(200, 300]",1977,0.02326757713707638
Vip-IRES-Cre,"(-1, 50]",97,0.010309278350515464
Vip-IRES-Cre,"(50, 100]",146,0.00684931506849315
Vip-IRES-Cre,"(100, 200]",195,0.015384615384615385
Vip-IRES-Cre,"(200, 300]",230,0.008695652173913044
