cre_line,depth_bin,mean,size
Pvalb-IRES-Cre,"(0, 200]",0.09523809523809523,105
Pvalb-IRES-Cre,"(200, 400]",0.10675039246467818,637
Pvalb-IRES-Cre,"(400, 600]",0.061621621621621624,925
Pvalb-IRES-Cre,"(600, 800]",0.057208237986270026,437
Pvalb-IRES-Cre,"(800, 1200]",0.015748031496062992,127
Sst-IRES-Cre,"(0, 200]",0.02531645569620253,237
Sst-IRES-Cre,"(200, 400]",0.028795811518324606,1146
Sst-IRES-Cre,"(400, 600]",0.022208121827411168,1576
Sst-IRES-Cre,"(600, 800]",0.02369077306733167,802
Sst-IRES-Cre,"(800, 1200]",0.011764705882352941,170
Vip-IRES-Cre,"(0, 200]",0.01935483870967742,155
Vip-IRES-Cre,"(200, 400]",0.010484927916120577,763
Vip-IRES-Cre,"(400, 600]",0.0018399264029438822,1087
Vip-IRES-Cre,"(600, 800]",0.008771929824561403,570
Vip-IRES-Cre,"(800, 1200]",0.0,139
