cre_line,region_group,n_units,driven_frac,suppressed_frac
Pvalb-IRES-Cre,hippocampal formation,1278,0.012519561815336464,0.04303599374021909
Pvalb-IRES-Cre,midbrain / other / unassigned,433,0.0023094688221709007,0.15242494226327943
Pvalb-IRES-Cre,thalamus,675,0.002962962962962963,0.2859259259259259
Pvalb-IRES-Cre,visual cortex,2231,0.07261317794710892,0.41416405199462125
Sst-IRES-Cre,hippocampal formation,2367,0.021123785382340516,0.0946345585128855
Sst-IRES-Cre,midbrain / other / unassigned,1267,0.0007892659826361484,0.13417521704814522
Sst-IRES-Cre,thalamus,1243,0.0,0.27835880933226065
Sst-IRES-Cre,visual cortex,3931,0.024166878656830322,0.3574154159247011
Vip-IRES-Cre,hippocampal formation,1319,0.0037907505686125853,0.029567854435178165
Vip-IRES-Cre,midbrain / other / unassigned,635,0.0,0.05669291338582677
Vip-IRES-Cre,thalamus,910,0.0,0.23076923076923078
Vip-IRES-Cre,visual cortex,2716,0.0066273932253313695,0.20471281296023564
