z_mid,f,f0,lfdr,count_real,count_null
-3.3732909603327785,2.512941748160032e-05,0.0008475343637437836,1.0,18,19
-2.9284816277146346,0.0006166591619815526,0.001305584136015887,1.0,58,111
-2.4836722950964907,0.006857314283320162,0.004290620594582157,1.0,139,499
-2.038862962478347,0.03916932013315512,0.017726128321838907,1.0,380,2001
-1.5940536298602033,0.12848196895922878,0.06572690146092075,1.0,845,5957
-1.1492442972420596,0.26711791142218516,0.1812406071099841,1.0,1724,14265
-0.7044349646239159,0.3839390997335672,0.34400582318985523,1.0,2891,27925
-0.25962563200577193,0.41166140978477717,0.4492386593836972,1.0,4689,48256
0.185183700612372,0.35175060171480166,0.423017458681029,1.0,3038,33173
0.6299930332305159,0.2535685683891029,0.3076733295750518,1.0,2062,24962
1.0748023658486598,0.16191014811012786,0.18522129645350227,1.0,1321,17281
1.5196116984668033,0.09542445776389004,0.09717150049664375,1.0,803,9494
1.9644210310849468,0.05372702200169458,0.045299593221023546,0.8431435715829322,352,4044
2.4092303637030907,0.02972774874023021,0.01832494279541024,0.6164255139378017,167,1486
2.8540396963212347,0.016538022141780528,0.0059671338399384525,0.36081302762701556,97,427
3.2988490289393786,0.009418088998264159,0.0013710548368386388,0.14557675523042274,37,117
3.7436583615575225,0.005565953230472432,0.00018364387875874951,0.03299414694204357,34,28
4.1884676941756664,0.0034476028755475257,1.1163624385213811e-05,0.003238083035721125,27,2
4.63327702679381,0.002253076957899612,2.2642983565455276e-07,0.00010049804773008625,23,1
5.078086359411954,0.0015594483935660044,1.0682491481092207e-09,6.850173128630733e-07,15,0
5.522895692030098,0.001144762705156478,7.795669388337079e-13,6.809856185235774e-10,14,0
5.967705024648242,0.0008907380314202914,5.625293976215225e-17,6.315318059615838e-14,15,0
6.412514357266386,0.0007329894447815897,2.4888449131256583e-22,3.3954716958676865e-19,10,0
6.857323689884529,0.0006356328814747395,2.1805841734336105e-27,3.430571697887012e-24,13,0
7.302133022502672,0.0005781990293316267,2.1805841734336015e-27,3.430571697887012e-24,16,0
7.746942355120816,0.0005487604504029327,2.1805841734336015e-27,3.430571697887012e-24,16,0
8.191751687738961,0.00054021968649754,2.1805841734336015e-27,3.430571697887012e-24,17,0
8.636561020357103,0.0005482229233283301,2.1805841734336015e-27,3.430571697887012e-24,12,0
9.081370352975249,0.0005699178948562679,2.1805841734336015e-27,3.430571697887012e-24,13,0
9.526179685593391,0.0006031556168333623,2.1805841734336015e-27,3.430571697887012e-24,9,0
9.970989018211537,0.0006459354850610865,2.1805841734336015e-27,3.375854437269973e-24,11,0
10.415798350829679,0.0006960051263600875,2.1805841734336015e-27,3.1330001617049115e-24,5,0
10.860607683447824,0.0007505928299948558,2.1805841734336015e-27,2.90514921844983e-24,8,0
11.305417016065967,0.0008062880826303423,2.1805841734336015e-27,2.70447278139088e-24,6,0
11.750226348684112,0.0008590983577097159,2.1805841734336015e-27,2.5382241205149734e-24,5,0
12.195035681302254,0.000904697486237016,2.1805841734336015e-27,2.410290960908367e-24,7,0
12.639845013920398,0.0009388454478813548,2.1805841734336105e-27,2.322623152036818e-24,5,0
13.084654346538542,0.0009579118871001618,2.180584173433593e-27,2.2763932704027352e-24,3,0
13.529463679156686,0.000959394338184678,2.1805841734336105e-27,2.2728757994961822e-24,7,0
13.97427301177483,0.0009423068842321711,2.180584173433593e-27,2.2728757994961822e-24,9,0
14.419082344392974,0.000907337693969248,2.1805841734336105e-27,2.2728757994961822e-24,2,0
14.863891677011118,0.0008567310757983013,2.180584173433593e-27,2.2728757994961822e-24,4,0
15.308701009629262,0.0007939223302921304,2.1805841734336105e-27,2.2728757994961822e-24,5,0
15.753510342247406,0.0007230155747601749,2.180584173433593e-27,2.2728757994961822e-24,3,0
16.198319674865548,0.0006482248485863518,2.180584173433619e-27,2.2728757994961822e-24,3,0
16.643129007483694,0.0005733905453441504,2.1805841734335753e-27,2.2728757994961822e-24,3,0
17.08793834010184,0.000501645424642668,2.1805841734336105e-27,2.2728757994961822e-24,3,0
17.53274767271998,0.0004352550803363166,2.1805841734336105e-27,2.2728757994961822e-24,5,0
17.977557005338124,0.00037561455135987044,2.1805841734336105e-27,2.2728757994961822e-24,5,0
18.422366337956266,0.00032335651641162555,2.1805841734336105e-27,2.2728757994961822e-24,2,0
18.86717567057441,0.0002785191132105354,2.1805841734335753e-27,2.2728757994961822e-24,1,0
19.311985003192557,0.00024072826100844942,2.1805841734336105e-27,2.2728757994961822e-24,7,0
19.7567943358107,0.00020936333816080473,2.1805841734336105e-27,2.2728757994961822e-24,1,0
20.20160366842884,0.0001836899038929218,2.1805841734336105e-27,2.2728757994961822e-24,0,0
20.646413001046987,0.0001629550217695,2.1805841734335753e-27,2.2728757994961822e-24,5,0
21.091222333665133,0.00014644829257483264,2.1805841734336105e-27,2.2728757994961822e-24,2,0
21.536031666283275,0.00013353528504311945,2.1805841734336105e-27,2.2728757994961822e-24,1,0
21.980840998901417,0.00012367078432406087,2.1805841734336105e-27,2.2728757994961822e-24,3,0
22.425650331519563,0.00011639837098519817,2.1805841734335753e-27,2.2728757994961822e-24,0,0
22.87045966413771,0.0001113412545245924,2.1805841734336105e-27,2.2728757994961822e-24,2,0
23.31526899675585,0.00010818763479453149,2.1805841734336105e-27,2.2728757994961822e-24,1,0
23.760078329373993,0.00010667249618558948,2.1805841734336105e-27,2.2728757994961822e-24,0,0
24.20488766199214,0.00010655682789809325,2.1805841734335753e-27,2.2728757994961822e-24,0,0
24.649696994610284,0.00010760491097287456,2.1805841734336105e-27,2.2728757994961822e-24,1,0
25.094506327228427,0.00010956059980693169,2.1805841734336105e-27,2.2728757994961822e-24,2,0
25.53931565984657,0.00011212450201703067,2.1805841734336105e-27,2.2728757994961822e-24,1,0
25.98412499246471,0.00011493555806481635,2.1805841734336105e-27,2.2728757994961822e-24,1,0
26.428934325082857,0.00011756240255092239,2.1805841734335753e-27,2.2728757994961822e-24,0,0
26.873743657701002,0.00011951127934092417,2.1805841734336105e-27,2.2728757994961822e-24,0,0
27.318552990319144,0.00012025694334216152,2.1805841734336105e-27,2.2728757994961822e-24,1,0
27.763362322937287,0.00011929952185765175,0.0007256900464759469,2.2728757994961822e-24,0,0
28.208171655555432,0.00011624300104938217,0.09880537545429656,2.2728757994961822e-24,2,0
28.652980988173578,0.00011088093558983855,2.1805841734336105e-27,2.2728757994961822e-24,2,0
29.09779032079172,0.00010326581814180576,2.1805841734336105e-27,2.2728757994961822e-24,2,0
29.542599653409866,9.373580893705047e-05,2.1805841734335753e-27,2.2728757994961822e-24,1,0
29.98740898602801,8.288076124752923e-05,2.1805841734336105e-27,2.2728757994961822e-24,1,0
30.432218318646154,7.144840829336275e-05,2.1805841734336105e-27,2.2728757994961822e-24,1,0
30.877027651264296,6.021414324015247e-05,2.1805841734336105e-27,2.2728757994961822e-24,0,0
31.32183698388244,4.985289300033548e-05,2.1805841734335753e-27,2.2728757994961822e-24,0,0
31.766646316500587,4.0850761898120735e-05,2.1805841734336105e-27,2.2728757994961822e-24,0,0
32.21145564911873,3.347792387398838e-05,2.1805841734336105e-27,2.2728757994961822e-24,0,0
32.65626498173687,2.7822411396984715e-05,2.1805841734336105e-27,2.2728757994961822e-24,0,0
33.10107431435502,2.3869998052148808e-05,2.1805841734336105e-27,2.2728757994961822e-24,0,0
33.54588364697316,2.1618232477473946e-05,2.1805841734335753e-27,2.2728757994961822e-24,0,0
33.9906929795913,2.1241237160735778e-05,2.1805841734336105e-27,2.2728757994961822e-24,0,0
34.43550231220945,2.3402914761596285e-05,2.1805841734336105e-27,2.2728757994961822e-24,0,0
34.880311644827586,3.007238106048387e-05,2.1805841734336105e-27,2.2728757994961822e-24,0,0
35.325120977445735,4.720503262113844e-05,2.1805841734335753e-27,2.2728757994961822e-24,0,0
35.769930310063884,9.554355368055234e-05,2.1805841734336105e-27,2.2728757994961822e-24,2,0
