specimen_id,cre_line,driven_f
699733581,Sst-IRES-Cre,0.003218884120171674
703279284,Sst-IRES-Cre,0.005063291139240506
707296982,Pvalb-IRES-Cre,0.024336283185840708
726170935,Pvalb-IRES-Cre,0.0
730760270,Vip-IRES-Cre,0.0029498525073746312
732548380,Vip-IRES-Cre,0.001122334455667789
734865738,Sst-IRES-Cre,0.004166666666666667
735109609,Sst-IRES-Cre,0.0033003300330033004
738651054,Sst-IRES-Cre,0.0
739783171,Pvalb-IRES-Cre,0.003838771593090211
744915204,Sst-IRES-Cre,0.003616636528028933
745276236,Vip-IRES-Cre,0.0013550135501355014
757329624,Pvalb-IRES-Cre,0.0
763236014,Sst-IRES-Cre,0.004149377593360996
763808604,Sst-IRES-Cre,0.046620046620046623
763884103,Sst-IRES-Cre,0.01227830832196453
769360779,Vip-IRES-Cre,0.008605851979345954
774672366,Sst-IRES-Cre,0.041505791505791506
775876828,Vip-IRES-Cre,0.002369668246445498
776061251,Pvalb-IRES-Cre,0.04292527821939587
791857608,Vip-IRES-Cre,0.0
795770036,Vip-IRES-Cre,0.016722408026755852
803390291,Sst-IRES-Cre,0.04011887072808321
811322619,Pvalb-IRES-Cre,0.08377896613190731
813701562,Vip-IRES-Cre,0.0033613445378151263
817060751,Sst-IRES-Cre,0.03911342894393742
820866121,Pvalb-IRES-Cre,0.055345911949685536
821469666,Pvalb-IRES-Cre,0.10482180293501048
