dimension_id,name,addressed_in_prior_work,prior_work_summary,our_contribution,tcbb_computational_significance
A,Threshold instability in binary optotagging,PARTIALLY / ANECDOTALLY,"Papers note that changing thresholds alters yield (e.g. Buetfering 2014, Bimbard 2024), but no study has systematically quantified unit-level class switching, Jaccard instability, and boundary sensitivity across independent animals.","First systematic, rigorous grid-search quantification of threshold sensitivity across 27 parameter combinations (latency 6/8/10 ms, reliability 0.2/0.3/0.5, modulation 1.5/2.0/3.0) at unit, session, and specimen levels.","HIGH: Proves that binary operational optotagging decisions are mathematically volatile near decision hyperplanes, motivating continuous representations."
B,Continuous response/evidence scores,RARE / INDIRECT,"Prior methods use continuous p-values (SALT: Kvitsiani 2013, Hangya 2015) or downstream ML probabilities (HIPPIE 2026, Lee 2022), but convert them immediately into binary/discrete labels or focus on waveform clustering rather than response evidence.","Formulates an interpretable, mathematically bounded, multi-dimensional Optogenetic Response Evidence Score integrating response magnitude, statistical significance, trial reliability, temporal consistency, and artifact flags without hard binary truncation.","VERY HIGH: Replaces heuristic step functions with an interpretable, continuous computational metric preserving biological uncertainty."
C,Uncertainty-aware optotagging,ALMOST ABSENT,"Uncertainty is virtually ignored in conventional optotagging; neurons are categorized strictly as 'tagged' or 'untagged'. A few deep generative models (HIPPIE) output latent confidence for downstream cell types, but assume upstream optotagging labels are 100% certain.","Explicit quantification of trial-by-trial variability, latency jitter, Shannon prediction entropy, and boundary proximity uncertainty. Introduces an operational 'insufficient evidence' and 'uncertain' category.",VERY HIGH: Directly aligns with TCBB's focus on computing under uncertainty in biological data.
D,Cross-session generalization,VERY RARE / ABSENT,"In almost all optotagging literature, units are either analyzed within-session or pooled across sessions into a single pool without held-out session validation. Downstream ML models occasionally use random cross-validation.","Strict Leave-One-Session-Out (LOGO) cross-validation where 100% of units from test sessions are held out from training, feature scaling, and imputation.","HIGH: Demonstrates that random unit splits suffer from severe intra-session data leakage (inflating F1 by 15-26%), establishing true out-of-session generalization."
E,Cross-specimen generalization,ABSENT,No prior computational optotagging paper conducts Leave-One-Specimen-Out validation. Units from the same animal across multiple shanks/sessions are routinely treated as independent biological observations (pseudoreplication).,"Strict Leave-One-Specimen-Out validation across independent biological mice, explicitly controlling for animal-to-animal opsin expression and surgical optical fiber variation.",HIGH: Establishes a rigorous statistical standard for biological replication in computational neuroscience.
F,Feature ablation (Leave-One-Family-Out),MINIMAL,"Studies compare individual features (e.g., latency vs waveform) in isolation, but do not perform systematic Leave-One-Feature-Family-Out (LOFFO) ablations across temporal, reliability, firing, statistical, intensity, and dynamics families.","Systematic LOFFO ablation revealing that the statistical family (p-value, effect size) is the critical anchor (-21.2% drop if removed), whereas temporal latency alone is fragile and distracts classifiers in sparse-firing units (+4.2% if removed).",HIGH: Identifies the exact physiological dimensions that drive robust cross-session response characterization.
G,Sham / pre-stimulus negative controls,PARTIAL,"SALT (Hangya 2015) uses baseline windows to construct null latency distributions; Stark (2012) tested post-mortem saline. However, evaluating the complete automated classification pipeline on matched pre-stimulus sham windows is rarely reported.","Execution of the identical end-to-end feature extraction and classification pipeline on matched pre-onset sham windows [-18, -10 ms], proving a 0.0% false-positive discovery rate on spontaneous noise.",MEDIUM-HIGH: Critical computational negative control establishing baseline specificity.
H,Automated computational optotagging,YES (EXTENSIVE BUT SIMPLE),"Automated pipelines exist in the Allen SDK, SpikeMAP (Giraud 2025), and custom lab scripts, but they almost universally implement simple heuristic thresholds (e.g. 2 SD above baseline or latency < 8 ms) or black-box clustering.","Our work builds an automated, CPU-first, fully reproducible pipeline, but explicitly analyzes its computational boundaries rather than presenting automation as a novelty in itself.","MEDIUM: Automation is an engineering necessity, not the primary scientific claim."
I,Machine learning-based optotagging,YES (BUT OFTEN CIRCULAR),"Several recent papers apply ML (Random Forest, SVM, VAEs) to optotagging. However, they almost universally suffer from circularity: they use the features that define the heuristic label to predict the label, falsely claiming high accuracy as 'discovery'.","We audit and expose this circularity: ML is treated as a secondary knowledge-distillation surrogate model. We demonstrate that AUROC=0.996 reflects geometric boundary learning, not biological discovery, and emphasize continuous calibration over raw accuracy.",VERY HIGH: Critical conceptual correction for the computational biology literature.
