column_name,source_file,source_variable,calculation,time_window,uses_spike_data,uses_stimulus_data,uses_labels,uses_session_statistics,uses_specimen_statistics,uses_probe_statistics,uses_all_units,computed_timing
session_id,data/metadata/units.csv / NWB metadata,identifier,Unique biological/acquisition database ID,N/A,False,False,False,False,False,False,False,Before train/test split (per-unit in NWB ingestion)
specimen_id,data/metadata/units.csv / NWB metadata,identifier,Unique biological/acquisition database ID,N/A,False,False,False,False,False,False,False,Before train/test split (per-unit in NWB ingestion)
probe_id,data/metadata/units.csv / NWB metadata,identifier,Unique biological/acquisition database ID,N/A,False,False,False,False,False,False,False,Before train/test split (per-unit in NWB ingestion)
unit_id,data/metadata/units.csv / NWB metadata,identifier,Unique biological/acquisition database ID,N/A,False,False,False,False,False,False,False,Before train/test split (per-unit in NWB ingestion)
brain_area,data/metadata/channels.csv,ecephys_structure_acronym,Anatomical mapping from CCF registration,N/A,False,False,False,False,False,False,False,Before train/test split (per-unit in NWB ingestion)
n_trials,src/opto_trials.py,len(trials),Count of 10-ms optical stimulus pulses,Entire optotagging block,False,True,False,False,False,False,False,Before train/test split (per-unit in NWB ingestion)
baseline_rate,src/feature_extraction.py,mean_b_count / b_dur,Mean spike count in baseline window divided by baseline duration (0.015s),"[-20ms, -5ms] relative to pulse onset",True,True,False,False,False,False,False,Before train/test split (per-unit in NWB ingestion)
evoked_rate,src/feature_extraction.py,mean_e_count / e_dur,Mean spike count in response window divided by response duration (0.008s),"[1ms, 9ms] relative to pulse onset",True,True,False,False,False,False,False,Before train/test split (per-unit in NWB ingestion)
modulation_ratio,src/feature_extraction.py,evoked_rate / (baseline_rate + 1.0),Ratio of evoked rate to baseline rate with +1.0 regularizer,"[-20ms, -5ms] and [1ms, 9ms]",True,True,False,False,False,False,False,Before train/test split (per-unit in NWB ingestion)
median_latency_ms,src/feature_extraction.py,np.median(first_spike_latencies),Median time to first spike across trials with >=1 evoked spike,"[1ms, 9ms]",True,True,False,False,False,False,False,Before train/test split (per-unit in NWB ingestion)
latency_sd_ms,src/feature_extraction.py,std / IQR / CV of first_spike_latencies,First spike latency variability across response trials,"[1ms, 9ms]",True,True,False,False,False,False,False,Before train/test split (per-unit in NWB ingestion)
latency_iqr_ms,src/feature_extraction.py,std / IQR / CV of first_spike_latencies,First spike latency variability across response trials,"[1ms, 9ms]",True,True,False,False,False,False,False,Before train/test split (per-unit in NWB ingestion)
trial_reliability,src/feature_extraction.py,sum(has_evoked) / n_trials,"Fraction of 10-ms pulse trials with >=1 spike in [1ms, 9ms]","[1ms, 9ms]",True,True,False,False,False,False,False,Before train/test split (per-unit in NWB ingestion)
sham_reliability,src/feature_extraction.py,sum(sham_count >= 1) / n_trials,Fraction of trials with >=1 spike in matched pre-onset sham window,"[-17ms, -9ms]",True,True,False,False,False,False,False,Before train/test split (per-unit in NWB ingestion)
fano_factor,src/feature_extraction.py,var(e_counts) / mean(e_counts),Fano factor of trial-by-trial evoked spike counts,"[1ms, 9ms]",True,True,False,False,False,False,False,Before train/test split (per-unit in NWB ingestion)
latency_cv,src/feature_extraction.py,std / IQR / CV of first_spike_latencies,First spike latency variability across response trials,"[1ms, 9ms]",True,True,False,False,False,False,False,Before train/test split (per-unit in NWB ingestion)
p_value,src/feature_extraction.py & src/statistics.py,paired_permutation_test & cohens_d_paired,Permutation p-value and paired Cohen's d comparing evoked vs scaled baseline counts,"[-20ms, -5ms] vs [1ms, 9ms]",True,True,False,False,False,False,False,Before train/test split (per-unit in NWB ingestion)
effect_size,src/feature_extraction.py & src/statistics.py,paired_permutation_test & cohens_d_paired,Permutation p-value and paired Cohen's d comparing evoked vs scaled baseline counts,"[-20ms, -5ms] vs [1ms, 9ms]",True,True,False,False,False,False,False,Before train/test split (per-unit in NWB ingestion)
intensity_slope,src/feature_extraction.py,"linregress(levels, rates).slope","Slope of evoked firing rate across optical power levels (1.0, 2.5, 4.0 mW)","[1ms, 9ms]",True,True,False,False,False,False,False,Before train/test split (per-unit in NWB ingestion)
response_at_each_light_level,Metadata / Pipeline configuration,response_at_each_light_level,Stimulation protocol specification string or JSON,N/A,False,True,False,False,False,False,False,Before train/test split (per-unit in NWB ingestion)
artifact_flag,src/artifact_controller.py,artifact_flag,Detection of sub-1ms instantaneous spike onset or multi-probe synchronous artifact,"[0ms, 1ms]",True,True,False,False,False,False,False,Before train/test split (per-unit in NWB ingestion)
adaptation_index,src/feature_extraction.py,compute_train_adaptation_index,Ratio of evoked rate on last pulses vs first pulse during 10-Hz train,1-s train stimulus condition,True,True,False,False,False,False,False,Before train/test split (per-unit in NWB ingestion)
reference_class,src/labeling.py,assign_reference_label,Operational heuristic decision: mod>2 & rel>=0.30 & lat<8ms & p<0.05 & eff>0.10,Full response windows,True,True,True,False,False,False,False,Before train/test split (per-unit in NWB ingestion)
label_confidence,src/labeling.py,assign_reference_label,Operational heuristic decision: mod>2 & rel>=0.30 & lat<8ms & p<0.05 & eff>0.10,Full response windows,True,True,True,False,False,False,False,Before train/test split (per-unit in NWB ingestion)
label_reasons,src/labeling.py,assign_reference_label,Operational heuristic decision: mod>2 & rel>=0.30 & lat<8ms & p<0.05 & eff>0.10,Full response windows,True,True,True,False,False,False,False,Before train/test split (per-unit in NWB ingestion)
evidence_score,src/evidence_score.py,compute_continuous_evidence_score,Continuous multifeature evidence integration and uncertainty formulation,Derived from physiological features,True,True,True,False,False,False,False,Before train/test split (per-unit in NWB ingestion)
composite_uncertainty,src/evidence_score.py,compute_continuous_evidence_score,Continuous multifeature evidence integration and uncertainty formulation,Derived from physiological features,True,True,True,False,False,False,False,Before train/test split (per-unit in NWB ingestion)
subscore_statistical,src/evidence_score.py,compute_continuous_evidence_score,Continuous multifeature evidence integration and uncertainty formulation,Derived from physiological features,True,True,True,False,False,False,False,Before train/test split (per-unit in NWB ingestion)
subscore_reliability,src/evidence_score.py,compute_continuous_evidence_score,Continuous multifeature evidence integration and uncertainty formulation,Derived from physiological features,True,True,True,False,False,False,False,Before train/test split (per-unit in NWB ingestion)
subscore_modulation,src/evidence_score.py,compute_continuous_evidence_score,Continuous multifeature evidence integration and uncertainty formulation,Derived from physiological features,True,True,True,False,False,False,False,Before train/test split (per-unit in NWB ingestion)
subscore_latency,src/evidence_score.py,compute_continuous_evidence_score,Continuous multifeature evidence integration and uncertainty formulation,Derived from physiological features,True,True,True,False,False,False,False,Before train/test split (per-unit in NWB ingestion)
subscore_jitter,src/evidence_score.py,compute_continuous_evidence_score,Continuous multifeature evidence integration and uncertainty formulation,Derived from physiological features,True,True,True,False,False,False,False,Before train/test split (per-unit in NWB ingestion)
artifact_gating,src/evidence_score.py,compute_continuous_evidence_score,Continuous multifeature evidence integration and uncertainty formulation,Derived from physiological features,True,True,True,False,False,False,False,Before train/test split (per-unit in NWB ingestion)
distance_to_decision_boundary,src/evidence_score.py,compute_continuous_evidence_score,Continuous multifeature evidence integration and uncertainty formulation,Derived from physiological features,True,True,True,False,False,False,False,Before train/test split (per-unit in NWB ingestion)
boundary_proximity,src/evidence_score.py,compute_continuous_evidence_score,Continuous multifeature evidence integration and uncertainty formulation,Derived from physiological features,True,True,True,False,False,False,False,Before train/test split (per-unit in NWB ingestion)
evidence_regime,src/evidence_score.py,compute_continuous_evidence_score,Continuous multifeature evidence integration and uncertainty formulation,Derived from physiological features,True,True,True,False,False,False,False,Before train/test split (per-unit in NWB ingestion)
ecephys_channel_id,data/metadata/units.csv / NWB metadata,identifier,Unique biological/acquisition database ID,N/A,False,False,False,False,False,False,False,Before train/test split (per-unit in NWB ingestion)
snr,data/metadata/units.csv,snr,Extracellular waveform and cluster isolation quality metrics,Entire recording session (~2 hours),True,False,False,False,False,False,False,Before train/test split (per-unit in NWB ingestion)
isi_violations,data/metadata/units.csv,isi_violations,Extracellular waveform and cluster isolation quality metrics,Entire recording session (~2 hours),True,False,False,False,False,False,False,Before train/test split (per-unit in NWB ingestion)
isolation_distance,data/metadata/units.csv,isolation_distance,Extracellular waveform and cluster isolation quality metrics,Entire recording session (~2 hours),True,False,False,False,False,False,False,Before train/test split (per-unit in NWB ingestion)
presence_ratio,data/metadata/units.csv,presence_ratio,Extracellular waveform and cluster isolation quality metrics,Entire recording session (~2 hours),True,False,False,False,False,False,False,Before train/test split (per-unit in NWB ingestion)
amplitude_cutoff,data/metadata/units.csv,amplitude_cutoff,Extracellular waveform and cluster isolation quality metrics,Entire recording session (~2 hours),True,False,False,False,False,False,False,Before train/test split (per-unit in NWB ingestion)
d_prime,data/metadata/units.csv,d_prime,Extracellular waveform and cluster isolation quality metrics,Entire recording session (~2 hours),True,False,False,False,False,False,False,Before train/test split (per-unit in NWB ingestion)
nn_hit_rate,data/metadata/units.csv,nn_hit_rate,Extracellular waveform and cluster isolation quality metrics,Entire recording session (~2 hours),True,False,False,False,False,False,False,Before train/test split (per-unit in NWB ingestion)
nn_miss_rate,data/metadata/units.csv,nn_miss_rate,Extracellular waveform and cluster isolation quality metrics,Entire recording session (~2 hours),True,False,False,False,False,False,False,Before train/test split (per-unit in NWB ingestion)
quality,data/metadata/units.csv,quality,Extracellular waveform and cluster isolation quality metrics,Entire recording session (~2 hours),True,False,False,False,False,False,False,Before train/test split (per-unit in NWB ingestion)
probe_horizontal_position,data/metadata/channels.csv,probe_horizontal_position,Electrode physical coordinates on shank and 3D CCF atlas coordinates,N/A,False,False,False,False,False,False,False,Before train/test split (per-unit in NWB ingestion)
probe_vertical_position,data/metadata/channels.csv,probe_vertical_position,Electrode physical coordinates on shank and 3D CCF atlas coordinates,N/A,False,False,False,False,False,False,False,Before train/test split (per-unit in NWB ingestion)
anterior_posterior_ccf_coordinate,data/metadata/channels.csv,anterior_posterior_ccf_coordinate,Electrode physical coordinates on shank and 3D CCF atlas coordinates,N/A,False,False,False,False,False,False,False,Before train/test split (per-unit in NWB ingestion)
dorsal_ventral_ccf_coordinate,data/metadata/channels.csv,dorsal_ventral_ccf_coordinate,Electrode physical coordinates on shank and 3D CCF atlas coordinates,N/A,False,False,False,False,False,False,False,Before train/test split (per-unit in NWB ingestion)
left_right_ccf_coordinate,data/metadata/channels.csv,left_right_ccf_coordinate,Electrode physical coordinates on shank and 3D CCF atlas coordinates,N/A,False,False,False,False,False,False,False,Before train/test split (per-unit in NWB ingestion)
brain_region,data/metadata/channels.csv,ecephys_structure_acronym,Anatomical mapping from CCF registration,N/A,False,False,False,False,False,False,False,Before train/test split (per-unit in NWB ingestion)
protocol,Metadata / Pipeline configuration,protocol,Stimulation protocol specification string or JSON,N/A,False,True,False,False,False,False,False,Before train/test split (per-unit in NWB ingestion)
baseline_firing_rate,src/feature_extraction.py,mean_b_count / b_dur,Mean spike count in baseline window divided by baseline duration (0.015s),"[-20ms, -5ms] relative to pulse onset",True,True,False,False,False,False,False,Before train/test split (per-unit in NWB ingestion)
evoked_firing_rate,src/feature_extraction.py,mean_e_count / e_dur,Mean spike count in response window divided by response duration (0.008s),"[1ms, 9ms] relative to pulse onset",True,True,False,False,False,False,False,Before train/test split (per-unit in NWB ingestion)
median_latency,src/feature_extraction.py,np.median(first_spike_latencies),Median time to first spike across trials with >=1 evoked spike,"[1ms, 9ms]",True,True,False,False,False,False,False,Before train/test split (per-unit in NWB ingestion)
latency_variability,src/feature_extraction.py,std / IQR / CV of first_spike_latencies,First spike latency variability across response trials,"[1ms, 9ms]",True,True,False,False,False,False,False,Before train/test split (per-unit in NWB ingestion)
responsive_trial_fraction,src/feature_extraction.py,sum(has_evoked) / n_trials,"Fraction of 10-ms pulse trials with >=1 spike in [1ms, 9ms]","[1ms, 9ms]",True,True,False,False,False,False,False,Before train/test split (per-unit in NWB ingestion)
optical_intensity,Metadata / Pipeline configuration,optical_intensity,Stimulation protocol specification string or JSON,N/A,False,True,False,False,False,False,False,Before train/test split (per-unit in NWB ingestion)
evoked_spike_count,scripts/build_master_ml_dataset.py,rate * duration * n_trials,Deterministic multiplication of firing rate by window duration and trial count,Baseline or evoked,True,True,False,False,False,False,False,Before train/test split (per-unit in NWB ingestion)
baseline_spike_count,scripts/build_master_ml_dataset.py,rate * duration * n_trials,Deterministic multiplication of firing rate by window duration and trial count,Baseline or evoked,True,True,False,False,False,False,False,Before train/test split (per-unit in NWB ingestion)
uncertainty_score,src/evidence_score.py,compute_continuous_evidence_score,Continuous multifeature evidence integration and uncertainty formulation,Derived from physiological features,True,True,True,False,False,False,False,Before train/test split (per-unit in NWB ingestion)
operational_label,src/labeling.py,assign_reference_label,Operational heuristic decision: mod>2 & rel>=0.30 & lat<8ms & p<0.05 & eff>0.10,Full response windows,True,True,True,False,False,False,False,Before train/test split (per-unit in NWB ingestion)
reference_class_int,src/labeling.py,assign_reference_label,Operational heuristic decision: mod>2 & rel>=0.30 & lat<8ms & p<0.05 & eff>0.10,Full response windows,True,True,True,False,False,False,False,Before train/test split (per-unit in NWB ingestion)
trial_sampling_variance,src/evidence_score.py,compute_continuous_evidence_score,Continuous multifeature evidence integration and uncertainty formulation,Derived from physiological features,True,True,True,False,False,False,False,Before train/test split (per-unit in NWB ingestion)
latency_uncertainty,src/evidence_score.py,compute_continuous_evidence_score,Continuous multifeature evidence integration and uncertainty formulation,Derived from physiological features,True,True,True,False,False,False,False,Before train/test split (per-unit in NWB ingestion)
boundary_proximity_uncertainty,src/evidence_score.py,compute_continuous_evidence_score,Continuous multifeature evidence integration and uncertainty formulation,Derived from physiological features,True,True,True,False,False,False,False,Before train/test split (per-unit in NWB ingestion)
