specimen_id,session_id,probe_id,unit_id,brain_area,baseline_rate,evoked_rate,modulation_ratio,median_latency_ms,latency_sd_ms,trial_reliability,p_value,effect_size,snr,isi_violations,isolation_distance,presence_ratio,evidence_score
773418906,773418906,792676162,951781793,MGv,8.889,0.0,0.0,,,0.0,0.03796,-0.388,3.61121226352738,0.0050766712810356,103.337407734647,0.99,0.1096
839557629,839557629,846401828,951125681,CA1,9.778,5.0,0.464,4.426,1.846,0.04,0.24376,-0.127,1.62392284149155,0.0198727444218334,58.0257306496006,0.99,0.2462
840012044,840012044,868297127,951140197,CA1,4.444,3.333,0.612,4.596,0.828,0.027,0.64336,-0.038,1.89673856308874,0.0090977346221526,54.3723339791043,0.99,0.2477
797828357,797828357,805579749,951097279,IGL,16.0,15.0,0.882,5.01,2.876,0.12,0.87712,-0.019,2.12744226430488,0.0,181.855792284906,0.99,0.2218
794812542,794812542,810758783,951093316,VISl,7.111,5.0,0.616,5.905,1.7,0.04,0.54945,-0.06,3.44291840541005,0.216883212382514,62.4813895417559,0.99,0.2165
839557629,839557629,846401838,951127740,DG,7.111,5.0,0.616,5.127,1.82,0.04,0.53646,-0.057,3.45747525011439,0.120382523235969,47.8735795483829,0.99,0.2247
819701982,819701982,836962820,951141887,VISl,0.0,0.0,0.0,,,0.0,1.0,0.0,2.45580559287066,0.0,64.9435925834008,0.97,0.0376
794812542,794812542,810758785,951097291,MGv,16.0,5.0,0.294,3.638,0.607,0.04,0.02697,-0.266,3.86335403790148,0.0164315445151239,67.3692598807866,0.99,0.3414
839557629,839557629,846401828,951125866,VISam,0.889,0.0,0.0,,,0.0,1.0,-0.115,2.41707463020019,0.0079833671488822,39.334720046892,0.99,0.0376
829720705,829720705,832129154,951132203,VISp,3.556,0.0,0.0,,,0.0,0.11688,-0.236,5.71228573819146,0.0039776470664523,115.883749433075,0.99,0.0786
756029989,756029989,760640087,951818441,PO,14.815,19.444,1.23,4.324,2.672,0.156,0.54645,0.1,4.73158659597689,0.0048755986185124,19.9537309478778,0.99,0.2773
756029989,756029989,760640087,951821081,VISpm,0.0,2.778,2.778,2.246,0.0,0.022,1.0,0.149,3.85921966433733,0.0301213933593033,70.701629147003,0.99,0.4087
719161530,719161530,729445654,950943296,VISl,2.963,8.333,2.103,4.42,2.903,0.067,0.24975,0.245,5.65413920239543,0.0,77.1357397099953,0.99,0.3341
719161530,719161530,729445650,950921536,APN,17.778,22.222,1.183,3.331,1.914,0.111,0.67333,0.08,4.65001711391263,0.0002479802524679,97.5971460563481,0.99,0.2767
840012044,840012044,841431758,951147227,VISl,20.444,21.667,1.01,3.609,2.157,0.173,0.81518,0.021,2.90032466998526,0.0098197939241348,59.2193556807974,0.99,0.2605
791319847,791319847,805008608,951067340,CA1,0.889,3.333,1.765,7.303,0.024,0.027,0.48851,0.112,2.36075906108496,0.0094488559640009,56.5575974916075,0.99,0.3182
787025148,787025148,792586842,951024080,LP,1.481,2.778,1.119,6.384,0.0,0.022,1.0,0.061,3.34576490273254,0.150565474142496,40.086494948333,0.99,0.2612
794812542,794812542,810758777,951083769,VISam,0.889,3.333,1.765,5.042,1.505,0.027,0.49051,0.112,2.11367162149279,0.0342408585027343,56.8242672987613,0.99,0.3081
715093703,715093703,810755807,950955844,VISrl,54.815,44.444,0.796,4.333,1.898,0.356,0.34066,-0.146,2.43704620242608,0.0122643664588589,111.451569435254,0.99,0.3184
819701982,819701982,836962824,951148162,VISrl,0.889,0.0,0.0,,,0.0,1.0,-0.115,3.94677758688726,0.0,52.5590779007323,0.99,0.0376
797828357,797828357,805579749,951098592,CA1,6.222,10.0,1.385,3.724,1.09,0.08,0.45155,0.103,3.28920533740685,0.0030850075305568,90.3455657518156,0.99,0.3131
756029989,756029989,760640083,951816565,CA1,2.963,2.778,0.701,8.964,0.0,0.022,1.0,-0.007,2.68195617027801,0.215450575086709,60.1230458505641,0.99,0.1985
840012044,840012044,841431754,951136757,APN,10.667,13.333,1.143,5.867,2.413,0.107,0.59141,0.069,3.69884150461711,0.0069571141655103,85.6694773692068,0.99,0.2392
839557629,839557629,846401828,951126047,CA1,2.667,0.0,0.0,,,0.0,0.23976,-0.203,1.72983222696166,0.192962762536232,46.1109225948939,0.99,0.0622
819701982,819701982,836962814,951137896,CA1,0.0,0.0,0.0,,,0.0,1.0,0.0,2.36314172700124,0.0,38.1308321886515,0.97,0.0376
791319847,791319847,805008604,951062330,VISp,2.667,5.0,1.364,4.549,2.029,0.04,0.51548,0.123,1.44513962209133,0.348889613656818,44.7148882329907,0.99,0.2717
762120172,762120172,768908157,951879812,VISl,5.926,8.333,1.203,5.9,2.047,0.067,0.78022,0.08,2.08990641749013,0.347630803270495,47.4889098315496,0.99,0.2378
816200189,816200189,836943715,951141776,LP,15.011,20.695,1.293,5.768,2.047,0.166,0.19281,0.108,2.52942631041682,0.0244024211610564,61.4401484537088,0.99,0.3002
760693773,760693773,769322827,951788302,grey,11.852,5.556,0.432,5.633,2.194,0.044,0.22378,-0.164,2.70969001081248,0.0222334028515315,73.0936266222902,0.99,0.2292
831882777,831882777,832810576,951092133,VISpm,1.778,0.0,0.0,,,0.0,0.51449,-0.164,2.55911497505689,0.209110919138214,47.5561015758511,0.99,0.0478
839068429,839068429,868929140,951175049,VIS,0.889,0.0,0.0,,,0.0,1.0,-0.115,2.6598776699047,0.0,65.4542932410241,0.99,0.0376
797828357,797828357,805579745,951095319,VISl,16.889,10.0,0.559,4.176,2.411,0.08,0.17982,-0.158,2.61392507508891,0.0739966610250347,74.0516449813238,0.99,0.2554
839557629,839557629,846401838,951127974,CA1,4.444,5.0,0.918,3.977,2.642,0.04,1.0,0.021,2.73193819647954,0.194185042720033,46.0390967513582,0.99,0.2128
829720705,829720705,832129161,951140458,VISrl,0.0,0.0,0.0,,,0.0,1.0,0.0,2.30541075824395,0.030501762947831,67.9941352513034,0.99,0.0376
739783171,760345702,810753195,951854614,VISam,1.481,0.0,0.0,,,0.0,1.0,-0.149,2.28316090180934,0.0009930368417974,92.1917473387998,0.99,0.0376
756029989,756029989,760640097,951806215,CA3,4.444,0.0,0.0,,,0.0,1.0,-0.149,4.41714885393324,0.0459860273529215,195.643174841501,0.99,0.0376
751348571,751348571,757984826,951882184,CA1,16.296,33.333,1.927,5.97,2.419,0.244,0.12288,0.235,0.941554197975633,0.0344909258476088,68.4911801219301,0.99,0.3728
760693773,760693773,769322829,951772584,VISal,5.926,11.111,1.604,3.881,1.448,0.089,0.52547,0.122,6.17185207853273,0.0,174.055820998806,0.99,0.3225
755434585,755434585,760642621,951850906,VISam,1.481,5.556,2.239,4.404,2.881,0.044,0.49051,0.145,1.97610560179393,0.0354931881611547,56.6853427530115,0.99,0.3227
756029989,756029989,760640087,951820127,CA1,26.667,22.222,0.803,3.696,2.483,0.156,0.55045,-0.091,2.62608776174071,0.0070193531366363,99.9449154351838,0.99,0.2552
816200189,816200189,836943721,951159599,LGv,14.57,9.934,0.638,5.305,2.239,0.073,0.14186,-0.125,2.33161703745189,0.0808970179855613,56.9310721944175,0.99,0.2502
715093703,715093703,810755799,950914067,grey,19.259,19.444,0.96,6.148,2.601,0.133,1.0,0.003,3.39765566181073,0.0307752215608134,,0.99,0.2118
789848216,789848216,805002035,951060796,VISal,0.0,0.0,0.0,,,0.0,1.0,0.0,1.69512526937618,0.26252643929327,76.0451768885247,0.99,0.0376
762120172,762120172,768908152,951872531,VISp,1.481,0.0,0.0,,,0.0,1.0,-0.149,2.83028492100161,0.492728283080229,55.2656950498547,0.99,0.0376
715093703,715093703,810755801,950924519,LP,0.0,0.0,0.0,,,0.0,1.0,0.0,2.42308947782166,0.0,29.028784725632,0.99,0.0376
840012044,840012044,868297127,951142142,CA1,0.889,0.0,0.0,,,0.0,1.0,-0.115,3.15890722900367,0.0191286559999997,71.1663997138906,0.99,0.0376
819701982,819701982,836962820,951141534,VISl,6.222,5.0,0.692,3.614,2.13,0.04,0.64436,-0.038,2.33530864666587,0.0017720998186165,76.3459381899558,0.99,0.2298
787025148,787025148,792586836,951012519,CA1,0.0,0.0,0.0,,,0.0,1.0,0.0,1.79662561952041,0.0943528448137042,63.3033431521033,0.99,0.0376
839068429,839068429,841435557,951171181,APN,0.0,1.667,1.667,6.552,0.0,0.013,1.0,0.115,2.8940943563115,0.290846422609366,52.4289628971651,0.98,0.3106
839068429,839068429,868929140,951175181,VIS,0.889,0.0,0.0,,,0.0,1.0,-0.115,2.52073856923726,0.0302308767179641,50.4128375540179,0.95,0.0376
791319847,791319847,805008600,951058848,VISam,18.667,16.667,0.847,4.564,1.122,0.133,0.8012,-0.035,2.64439236398484,0.0241521364845742,50.9672727168033,0.99,0.2632
791319847,791319847,805008600,951058869,VISam,28.444,30.0,1.019,5.005,2.278,0.24,0.85315,0.025,3.70018281611957,0.002137124917076,66.2173179440188,0.99,0.2635
787025148,787025148,792586840,951016830,NOT,13.333,11.111,0.775,4.949,1.916,0.089,0.70929,-0.05,2.17345578684833,0.156245505825447,45.8857599377725,0.99,0.2327
715093703,715093703,810755805,950947778,LGd,11.852,13.889,1.081,4.882,1.572,0.111,0.84416,0.043,3.2185889236113,0.0011456133637004,118.92510993375,0.99,0.2544
751348571,751348571,757984818,951895744,LP,8.889,2.778,0.281,2.411,0.0,0.022,0.20579,-0.182,2.14697994894562,0.0427194989939018,51.3739683863863,0.99,0.3104
840012044,840012044,868297131,951151471,CA1,4.444,1.667,0.306,3.663,0.0,0.013,0.28072,-0.139,1.35085784881491,0.406240304928098,34.97699822087,0.99,0.2949
719161530,719161530,729445650,950927933,VISpm,14.815,8.333,0.527,4.832,2.009,0.067,0.2967,-0.144,5.19423760778317,0.0085277788901297,101.226888007831,0.99,0.242
829720705,829720705,832129149,951131486,VISam,1.778,43.333,15.6,2.996,2.117,0.267,0.001,0.539,2.15260159218083,0.212183997849401,72.4437332452041,0.99,0.6601
755434585,755434585,760642628,951845707,VISp,8.889,8.333,0.843,3.803,2.581,0.067,0.84815,-0.014,3.34983182920885,0.0040551307167866,110.44139656047,0.99,0.2241
791319847,791319847,805008606,951063733,CA1,9.778,6.667,0.619,6.261,2.211,0.053,0.41558,-0.091,2.67921499308147,0.0563335966081633,56.2247457058355,0.99,0.2099
835479236,835479236,837761708,951165160,CA1,8.0,5.0,0.556,5.713,1.232,0.04,0.3976,-0.092,3.05504478576299,0.0138730821824941,78.9978449372664,0.99,0.2353
835479236,835479236,837761712,951166815,DG,42.667,30.0,0.687,4.233,1.953,0.24,0.08392,-0.2,2.01059244333569,0.0056463789256924,115.835397943905,0.99,0.3212
760693773,760693773,769322831,951775113,grey,4.444,13.889,2.551,7.206,1.847,0.111,0.16683,0.235,6.04064199524212,0.0028818030177641,163.230825516025,0.99,0.3512
762602078,762602078,768909178,951861511,VISam,17.778,16.667,0.888,2.969,2.442,0.133,0.87413,-0.019,2.70765504660106,0.0357410204269262,81.4419411337921,0.99,0.2473
762120172,762120172,768908145,951858554,grey,0.0,0.0,0.0,,,0.0,1.0,0.0,2.74856418104002,0.0,26.4108146747883,0.98,0.0376
831882777,831882777,832810582,951104542,VISal,7.111,6.667,0.822,4.319,1.606,0.053,0.84116,-0.012,2.68844771121387,0.0850568739009784,51.0501750746098,0.99,0.2335
829720705,829720705,832129161,951141909,VISrl,5.333,0.0,0.0,,,0.0,0.02897,-0.293,3.50199913992782,0.167993656998796,79.4486102924813,0.99,0.1178
773418906,773418906,792676162,951783898,VISal,16.296,16.667,0.964,5.626,2.851,0.133,1.0,0.008,5.37693793762382,0.0,149.586440000901,0.99,0.2159
819701982,819701982,836962816,951138821,CA1,0.0,0.0,0.0,,,0.0,1.0,0.0,2.10178089418793,0.192536996517386,43.8205045652931,0.96,0.0376
840012044,840012044,868297133,951153519,LP,11.556,6.667,0.531,4.177,3.208,0.053,0.25774,-0.126,2.8127926799006,0.021301576147861,52.6967709118919,0.99,0.2305
755434585,755434585,760642628,951846495,VISp,5.926,5.556,0.802,5.349,1.946,0.044,1.0,-0.009,2.39579374723412,0.162543644295985,52.0101576154201,0.99,0.2112
835479236,835479236,837761712,951167243,VISl,10.667,10.0,0.857,4.551,2.122,0.08,0.86214,-0.015,2.7344597200185,0.0587802493252083,76.0844388067015,0.99,0.2279
791319847,791319847,805008600,951059053,VISam,0.0,0.0,0.0,,,0.0,1.0,0.0,1.77229974312338,0.438249307945402,40.4000009490928,0.99,0.0376
831882777,831882777,832810578,951096119,VISp,12.444,10.0,0.744,3.164,2.205,0.08,0.67532,-0.049,1.44113784394717,0.0107375622725718,76.3122140716423,0.99,0.2406
751348571,751348571,757984830,951874698,VISrl,8.889,11.111,1.124,5.625,2.878,0.089,0.83716,0.049,2.82812230324965,0.033413304875676,56.9952577374824,0.99,0.2239
835479236,835479236,837761710,951166102,VISp,8.0,6.667,0.741,5.323,0.959,0.053,0.68631,-0.036,3.20996850817304,0.128866067222682,84.9748712474196,0.99,0.2415
787025148,787025148,792586840,951016845,NOT,2.963,5.556,1.402,6.493,3.374,0.044,0.75325,0.086,2.09521440164873,0.15147872020196,41.4207644697413,0.99,0.2266
760693773,760693773,769322824,951782165,VISpm,11.852,8.333,0.648,6.844,2.054,0.067,0.52348,-0.082,4.64983745799724,0.0229137400771295,111.662056284725,0.99,0.2024
839068429,839068429,868929138,951173097,VISp,0.0,0.0,0.0,,,0.0,1.0,0.0,2.22383976767948,0.366656824765972,55.4485895918632,0.99,0.0376
719161530,719161530,729445652,950936633,VISp,1.481,2.778,1.119,4.749,0.0,0.022,1.0,0.061,2.90525787313555,0.272280322565122,42.5872736517779,0.99,0.2828
758798717,758798717,770930073,951910699,VISp,14.815,13.889,0.878,5.381,2.53,0.111,0.86214,-0.018,2.82896534897365,0.027762759193401,30.4032887434848,0.99,0.2201
787025148,787025148,792586842,951018314,POL,10.37,22.222,1.954,4.359,2.27,0.156,0.23576,0.194,5.90059944990117,0.0,114.87571662462,0.99,0.3589
787025148,787025148,792586848,951032474,VISal,0.0,0.0,0.0,,,0.0,1.0,0.0,2.23319129426354,0.0168350533648481,48.055030949655,0.99,0.0376
816200189,816200189,836943719,951158335,VISl,41.501,43.874,1.032,4.669,2.046,0.291,0.72527,0.027,2.32960063121624,0.0429439836262568,38.833844814906,0.99,0.2879
787025148,787025148,792586848,951032535,VISal,19.259,11.111,0.548,3.213,2.949,0.089,0.31269,-0.147,1.34151620895777,0.160711109458874,48.4904015323761,0.99,0.2454
787025148,787025148,792586836,951011006,CA1,2.963,2.778,0.701,7.132,0.0,0.022,1.0,-0.008,3.31697614029036,0.0360711251216752,56.2730553123263,0.99,0.2323
786091066,786091066,792623919,950995601,ProS,2.963,0.0,0.0,,,0.0,1.0,-0.149,4.72008484495589,0.0,62.1341727406741,0.95,0.0376
751348571,751348571,757984813,951888278,VISam,14.815,16.667,1.054,5.285,2.729,0.133,0.84316,0.038,3.40013141063892,0.0028998162985661,73.4827724379967,0.99,0.2319
839068429,839068429,868929140,951175233,VIS,0.889,0.0,0.0,,,0.0,1.0,-0.115,3.81096466689872,0.0,66.5294823746866,0.99,0.0376
839068429,839068429,841435557,951171568,VISam,5.333,1.667,0.263,2.37,0.0,0.013,0.07692,-0.201,4.73829505909004,0.0,116.750888385269,0.98,0.3324
760693773,760693773,769322824,951782109,VISpm,5.926,2.778,0.401,2.587,0.0,0.022,0.38561,-0.115,1.39261911887295,0.0087300219529395,81.5144683570143,0.99,0.2971
762120172,762120172,768908152,951871148,VISp,1.481,0.0,0.0,,,0.0,1.0,-0.149,2.60719364406244,0.0089823745873362,87.9848845495804,0.99,0.0376
719161530,719161530,729445654,950942906,VISl,5.926,2.778,0.401,6.773,0.0,0.022,0.47652,-0.102,2.76317083377883,0.175423199558337,59.4385532426334,0.99,0.25
715093703,715093703,810755797,950912190,VISam,8.889,5.556,0.562,6.637,1.162,0.044,0.43556,-0.092,3.68643597524015,0.0151437540631483,79.4424141485885,0.99,0.2222
789848216,789848216,805002031,951058763,CA1,0.889,1.667,0.882,4.705,0.0,0.013,1.0,0.047,1.9889305169959,0.309306631527752,34.2630153705878,0.99,0.2648
794812542,794812542,810758777,951083681,VISam,22.222,6.667,0.287,1.995,0.962,0.053,0.00799,-0.308,5.31449297651643,0.0001799780977172,154.809761204593,0.99,0.3815
791319847,791319847,805008608,951069037,VISal,16.0,20.0,1.176,4.336,2.606,0.147,0.51548,0.073,2.18447371022588,0.0105149948905001,67.7699061446241,0.99,0.2705
794812542,794812542,810758783,951094507,VISl,12.444,5.0,0.372,2.615,1.838,0.04,0.06494,-0.197,2.84248704190786,0.12257892010013,75.2514656558198,0.99,0.2906
762120172,762120172,768908160,951882958,grey,23.704,16.667,0.675,4.511,2.59,0.133,0.4036,-0.129,3.32082155886826,0.161999639682405,83.1348296876352,0.99,0.2466
791319847,791319847,805008606,951064594,VISl,3.556,1.667,0.366,8.035,0.0,0.013,0.36763,-0.089,1.53857429551305,0.267277820330666,44.3716768108855,0.99,0.2295
760693773,760693773,769322820,951793923,VISam,0.0,5.556,5.556,6.15,1.098,0.044,0.49451,0.213,2.95917636741517,0.0067491478561927,65.0305174029254,0.99,0.3984
715093703,715093703,810755797,950910558,APN,22.222,27.778,1.196,5.311,2.252,0.2,0.63337,0.073,3.71690772892218,0.0106738085111972,153.333112191172,0.99,0.2778
762120172,762120172,768908160,951882867,grey,17.778,13.889,0.74,4.112,2.102,0.111,0.61938,-0.069,4.98142857740641,0.0035361050324679,87.3028574569325,0.99,0.245
786091066,786091066,792623928,951016380,VISal,4.444,2.778,0.51,4.969,0.0,0.022,0.61139,-0.065,2.75863759643411,0.144485553639115,46.0491157363121,0.99,0.2715
739783171,760345702,810753199,951852256,VISp,0.0,0.0,0.0,,,0.0,1.0,0.0,1.93101539726299,0.349082420408051,48.5863804094323,0.99,0.0376
719161530,719161530,729445652,950935354,VISp,1.481,2.778,1.119,1.325,0.0,0.022,1.0,0.061,2.77972869965625,0.0514891582276395,65.8247459194289,0.99,0.3023
773418906,773418906,792676160,951780042,VISal,4.444,8.333,1.531,5.078,2.597,0.067,0.63936,0.106,2.08135129299292,0.0268456599887412,79.9403110049485,0.99,0.2758
835479236,835479236,837761712,951166712,CA3,2.667,1.667,0.455,5.814,0.0,0.013,0.52348,-0.078,1.71651117523853,0.0237413449477678,82.9278084827912,0.99,0.2612
794812542,794812542,810758779,951085781,VISpm,0.0,0.0,0.0,,,0.0,1.0,0.0,1.29031228844464,0.0,60.6968576731731,0.98,0.0376
839068429,839068429,868929142,951176008,VISrl,0.889,0.0,0.0,,,0.0,1.0,-0.115,2.24005088301114,0.204732936113955,41.0342419317153,0.99,0.0376
755434585,755434585,760642621,951849423,MB,1.481,0.0,0.0,,,0.0,1.0,-0.149,2.31668092901353,0.0973319637309596,65.8068818918381,0.99,0.0376
739783171,760345702,810753199,951851748,VISp,0.0,0.0,0.0,,,0.0,1.0,0.0,3.56219536270639,0.243209744000699,34.136187067544,0.99,0.0376
739783171,760345702,810753199,951852117,VISp,11.852,25.0,1.945,4.358,2.474,0.2,0.0979,0.244,1.90665032239483,0.0680008141880193,60.6583189219418,0.99,0.3867
798911424,798911424,800036198,951095913,DG,1.778,5.0,1.8,7.575,3.219,0.04,0.42258,0.118,2.55649978401881,0.0,78.8320321399732,0.99,0.2499
798911424,798911424,800036202,951109848,CA1,0.0,1.667,1.667,7.809,0.0,0.013,1.0,0.115,3.16803616295676,0.0606357370909877,64.1706047409031,0.96,0.2881
839068429,839068429,868929142,951176182,CA1,0.0,0.0,0.0,,,0.0,1.0,0.0,0.939199052013078,0.257191120951132,42.9184455181329,0.96,0.0376
791319847,791319847,805008608,951067105,CA1,6.222,6.667,0.923,6.343,2.192,0.053,1.0,0.013,3.51105349854133,0.0891101028836688,78.6431491228939,0.98,0.195
787025148,787025148,792586852,951035644,VISrl,1.481,0.0,0.0,,,0.0,1.0,-0.149,2.91062368780192,0.0462980480688941,68.0900622341739,0.99,0.0376
787025148,787025148,792586836,951011020,CA1,20.741,25.0,1.15,4.182,2.698,0.178,0.68332,0.061,2.55627611486879,0.0042867315078016,72.0788742575926,0.99,0.2705
758798717,758798717,770930073,951910267,DG,7.407,13.889,1.652,7.075,1.817,0.111,0.38162,0.15,2.15696888987268,0.0004214228199088,80.6485852371923,0.99,0.2887
829720705,829720705,832129157,951132771,CA3,24.0,20.0,0.8,5.93,1.748,0.16,0.60839,-0.069,1.64782045162931,0.0218933940014536,124.551560209819,0.99,0.2435
762602078,762602078,768909180,951849959,VISmmp,20.741,11.111,0.511,5.19,1.305,0.089,0.19181,-0.19,2.10057903435768,0.0988125837056154,49.2844746864061,0.99,0.2671
756029989,756029989,760640087,951821122,VISpm,0.0,0.0,0.0,,,0.0,1.0,0.0,1.42153962302268,0.248371859687392,47.2279428763668,0.99,0.0376
816200189,816200189,836943721,951159200,VPM,45.916,40.563,0.865,4.343,2.202,0.305,0.39261,-0.072,2.35005439895759,0.0258798134445313,81.5309443266186,0.99,0.2976
760693773,760693773,769322831,951780447,VISal,0.0,0.0,0.0,,,0.0,1.0,0.0,3.92116383030895,0.198738725231164,58.1755565165957,0.99,0.0376
758798717,758798717,770930077,951908835,CA1,1.481,2.778,1.119,3.039,0.0,0.022,1.0,0.061,1.76598587126187,0.269233182222452,37.6687297420338,0.99,0.2959
751348571,751348571,757984826,951879744,LGd,20.741,19.444,0.894,7.056,1.71,0.156,0.86713,-0.022,4.20903350741421,0.0099939311964325,87.705506210849,0.99,0.2196
794812542,794812542,810758781,951088924,SUB,2.667,0.0,0.0,,,0.0,0.26474,-0.203,2.42163662597476,0.0314887285459668,78.1594766318275,0.99,0.0601
816200189,816200189,836943719,951158137,VISl,0.883,2.483,1.319,5.385,0.78,0.02,0.44655,0.083,3.64661670137276,0.0413480602839144,52.5269244536094,0.99,0.284
739783171,760345702,810753203,951846030,VISal,1.481,2.778,1.119,8.082,0.0,0.022,1.0,0.061,2.37491419279659,0.368158782157607,38.8702459959447,0.96,0.2309
794812542,794812542,810758783,951092793,VISl,8.0,10.0,1.111,4.705,2.389,0.08,0.70529,0.05,2.27631281545901,0.010801367299527,69.9795417988509,0.99,0.2402
840012044,840012044,841431758,951147558,VISl,1.778,13.333,4.8,3.097,2.627,0.107,0.01998,0.282,4.23049163468908,0.0390192788183356,87.0516967444821,0.95,0.4897
840012044,840012044,841431758,951145193,LGv,66.667,68.333,1.01,4.874,2.023,0.547,0.80919,0.025,3.25511956243966,0.0039150949814487,106.809499682326,0.99,0.3455
829720705,829720705,832129157,951132487,CA3,29.333,25.0,0.824,6.103,2.531,0.173,0.53447,-0.074,1.75606003452925,0.188925011099818,56.2290410735226,0.99,0.233
756029989,756029989,760640090,951811306,VISp,0.0,0.0,0.0,,,0.0,1.0,0.0,0.962059887234592,0.0163472829233754,49.5028401316057,0.96,0.0376
786091066,786091066,792623928,951012123,CA1,0.0,5.556,5.556,3.668,2.89,0.044,0.48052,0.213,1.93268202946514,0.129250192534195,63.8925994429656,0.99,0.393
746083955,746083955,760647907,951873736,grey,5.926,13.889,2.005,6.959,1.73,0.111,0.31069,0.173,2.52457414699231,0.0472220084820975,67.7348202874943,0.99,0.3197
787025148,787025148,792586842,951023111,VISp,5.926,2.778,0.401,6.265,0.0,0.022,0.35564,-0.115,4.98677410659165,0.0032122976786266,99.9232538766926,0.99,0.2636
719161530,719161530,729445656,950949166,LGd,23.704,16.667,0.675,7.696,1.146,0.133,0.32667,-0.143,5.80599102806741,0.0,136.428522943937,0.99,0.2313
816200189,816200189,836943715,951149351,CA1,8.83,9.934,1.011,5.223,2.174,0.073,0.71828,0.026,1.97308998130748,0.306150606391925,51.3713099199577,0.97,0.2223
816200189,816200189,836943721,951160523,VIS,16.777,14.901,0.838,5.053,2.112,0.119,0.62637,-0.037,1.65649431269943,0.086796237343734,61.7081205302642,0.99,0.2374
707296982,721123822,760213145,950908475,VISp,13.333,5.556,0.388,3.09,0.711,0.044,0.16983,-0.197,2.35958970315803,0.0090782789220781,40.2489128770058,0.99,0.2922
786091066,786091066,792623931,951027545,VISrl,10.37,5.556,0.489,2.964,2.408,0.044,0.23876,-0.151,2.36797649006596,0.0322742206103009,80.3039061950296,0.99,0.2484
746083955,746083955,760647911,951884091,grey,0.0,0.0,0.0,,,0.0,1.0,0.0,1.40805048567828,0.157517014651638,61.5074708450209,0.98,0.0376
756029989,756029989,760640083,951815948,APN,2.963,2.778,0.701,2.581,0.0,0.022,1.0,-0.014,1.49909264552677,0.40519650898178,48.0277506042752,0.99,0.2819
751348571,751348571,757984820,951892568,SUB,17.778,16.667,0.888,4.917,2.317,0.133,0.84016,-0.022,2.1245785878874,0.0274972122777404,64.36184280255,0.99,0.2346
762602078,762602078,768909188,951856112,VISrl,13.333,33.333,2.326,6.214,2.797,0.267,0.03097,0.332,4.3222871031227,0.0014604108882711,106.135644102039,0.99,0.4284
787025148,787025148,792586836,951009812,NOT,13.333,2.778,0.194,2.655,0.0,0.022,0.01998,-0.311,2.24482238952172,0.0426361876319078,51.6027699825748,0.99,0.3734
789848216,789848216,805002029,951057871,CA1,14.222,5.0,0.328,5.455,1.099,0.04,0.01798,-0.257,2.04469785512491,0.006359231330791,71.4753110981206,0.99,0.3226
715093703,715093703,810755805,950953417,VISrl,1.481,0.0,0.0,,,0.0,1.0,-0.149,2.6922276110017,0.445102401220562,32.952393264965,0.99,0.0376
751348571,751348571,757984826,951879934,LGd,23.704,11.111,0.45,5.552,2.981,0.089,0.08991,-0.251,3.34970749338334,0.0186405065075244,74.4170643933208,0.99,0.252
831882777,831882777,832810576,951090715,CA1,2.667,3.333,0.909,2.999,0.386,0.027,1.0,0.054,2.13344520938648,0.426093288091267,32.1545760496171,0.97,0.2668
787025148,787025148,792586836,951009507,SCig,31.111,30.556,0.952,5.634,2.467,0.244,0.999,-0.008,2.75360567308206,0.0063180835055346,88.9428795567349,0.99,0.2489
762602078,762602078,768909182,951843836,SUB,26.667,30.556,1.104,5.461,2.532,0.244,0.67732,0.056,2.1919801541592,0.0058920860743537,93.5748877105878,0.99,0.2701
816200189,816200189,836943715,951147135,VISpm,16.336,14.901,0.86,4.127,2.058,0.119,0.70929,-0.027,4.07142861935107,0.0003965434409911,83.7928233221752,0.97,0.2455
760693773,760693773,769322829,951772194,VISal,5.926,5.556,0.802,5.072,1.724,0.044,0.80919,-0.011,2.74220360589406,0.0706145357970196,58.0671445244872,0.99,0.2218
760693773,760693773,769322833,951769571,VISrl,0.0,0.0,0.0,,,0.0,1.0,0.0,3.65291488952345,0.101997149117382,77.8309411855644,0.99,0.0376
819701982,819701982,836962820,951142078,VISl,0.0,0.0,0.0,,,0.0,1.0,0.0,4.48650648036746,0.0,134.090906945821,0.99,0.0376
719161530,719161530,729445650,950925245,DG,1.481,2.778,1.119,2.013,0.0,0.022,1.0,0.061,0.347012626574723,0.163097085227147,51.7022239060029,0.99,0.3003
829720705,829720705,832129159,951135565,CA1,5.333,5.0,0.789,3.969,2.627,0.04,0.85914,-0.009,2.95210517140258,0.206793879465987,69.7772120885099,0.99,0.2152
819701982,819701982,836962814,951137094,VISam,7.111,11.667,1.438,6.793,2.341,0.093,0.43856,0.103,2.84375598662489,0.0313407517048158,45.718861231396,0.99,0.2593
746083955,746083955,760647913,951868566,VISal,2.963,0.0,0.0,,,0.0,0.50649,-0.213,0.921533347840678,0.115545629316397,58.5934937496325,0.99,0.048
739783171,760345702,810753195,951854254,VISam,1.481,0.0,0.0,,,0.0,1.0,-0.149,2.16490234087264,0.170112747699999,64.4911841904505,0.99,0.0376
839557629,839557629,846401838,951127689,DG,7.111,5.0,0.616,6.129,1.025,0.04,0.49351,-0.063,1.48093656506893,0.000815120414001,88.3004138398885,0.99,0.2307
798911424,798911424,800036196,951094559,VISam,0.0,0.0,0.0,,,0.0,1.0,0.0,2.50786273186624,0.194539348185191,56.2367825243819,0.99,0.0376
762602078,762602078,768909178,951859717,CA1,2.963,2.778,0.701,4.542,0.0,0.022,1.0,-0.008,3.07757810453334,0.104112490665054,71.9362629943877,0.98,0.2687
829720705,829720705,832129157,951133770,VISl,0.889,0.0,0.0,,,0.0,1.0,-0.115,4.88570325020675,0.0,69.0969408465679,0.99,0.0376
789848216,789848216,805002037,951062264,VISrl,14.222,5.0,0.328,2.532,3.14,0.04,0.02597,-0.237,3.69534384526019,0.0022847229503419,55.0570580509377,0.99,0.2987
839068429,839068429,841435557,951171539,VISam,6.222,1.667,0.231,5.235,0.0,0.013,0.06793,-0.184,1.92773399136919,0.229087627441629,44.8499581074969,0.99,0.3141
755434585,755434585,760642621,951850767,VISam,7.407,2.778,0.33,4.006,0.0,0.022,0.23177,-0.16,2.65550253619987,0.0246296551895648,77.325764611533,0.99,0.2986
840012044,840012044,868297127,951139419,LP,3.556,8.333,1.829,4.6,3.418,0.067,0.31768,0.134,6.71705028759537,0.0004228196972628,120.115883693425,0.99,0.3057
819701982,819701982,836962820,951141108,CA1,3.556,3.333,0.732,4.201,2.893,0.027,0.81918,-0.009,1.97801397526008,0.0014951750498642,166.033818942402,0.99,0.2072
751348571,751348571,757984818,951896165,LP,5.926,13.889,2.005,5.205,1.411,0.111,0.3017,0.173,5.07425052136313,0.0,138.102880864664,0.99,0.3532
794812542,794812542,810758787,951106275,VISrl,0.0,0.0,0.0,,,0.0,1.0,0.0,2.70764519484395,0.0,21.4383547153729,0.99,0.0376
797828357,797828357,805579734,951086654,VISam,3.556,3.333,0.732,5.103,3.346,0.027,0.83916,-0.011,2.4977596356771,0.0825099073497988,43.0680327401156,0.99,0.1927
719161530,719161530,729445656,950950076,LGd,2.963,2.778,0.701,3.711,0.0,0.022,1.0,-0.008,2.83130150557959,0.0420698311663732,47.6419849699401,0.99,0.2755
762602078,762602078,768909186,951854236,VIS,17.778,22.222,1.183,7.041,1.628,0.178,0.60539,0.078,3.53273777919115,0.042548325210872,75.1204616536732,0.99,0.2566
762120172,762120172,768908148,951864987,VIS,0.0,0.0,0.0,,,0.0,1.0,0.0,1.96612748801646,0.0,40.4177238214342,0.96,0.0376
755434585,755434585,760642634,951854712,MGv,26.667,25.0,0.904,4.681,2.251,0.178,0.87912,-0.025,1.95590712370394,0.033001974449031,47.5147320618199,0.99,0.2487
719161530,719161530,729445652,950933410,SUB,13.333,25.0,1.744,4.827,2.064,0.2,0.0989,0.268,1.28348518603147,0.0276898572186471,80.6952884437244,0.99,0.3755
755434585,755434585,760642621,951850102,VISam,11.852,5.556,0.432,5.273,4.937,0.044,0.24775,-0.154,2.11506723069579,0.009071187792809,72.8328884983911,0.99,0.204
798911424,798911424,800036196,951090717,CA1,0.0,1.667,1.667,8.66,0.0,0.013,1.0,0.115,1.9265151446032,0.252519839713341,54.6048286690206,0.99,0.2723
756029989,756029989,760640083,951818058,VISam,1.481,0.0,0.0,,,0.0,1.0,-0.149,4.28680798836265,0.289175113827581,52.6281860644888,0.99,0.0376
751348571,751348571,757984830,951876565,VISrl,1.481,0.0,0.0,,,0.0,1.0,-0.149,0.447111623445054,0.189889949856705,38.0237983207963,0.96,0.0376
719161530,719161530,729445652,950931711,APN,14.815,16.667,1.054,7.765,2.994,0.111,0.87612,0.031,4.27899243959699,0.0015144515530479,96.9431411420645,0.99,0.1825
787025148,787025148,792586840,951017477,VIS,17.778,2.778,0.148,7.669,0.0,0.022,0.003,-0.41,1.14418143203621,0.0426948229299256,75.7345154657148,0.99,0.375
819701982,819701982,836962816,951139807,VISam,0.889,0.0,0.0,,,0.0,1.0,-0.115,1.59606592938095,0.0,44.5333491870724,0.99,0.0376
756029989,756029989,760640094,951799336,DG,1.481,0.0,0.0,,,0.0,1.0,-0.149,4.88994321983314,0.0,93.4549749349292,0.95,0.0376
835479236,835479236,837761712,951167247,VISl,1.778,3.333,1.2,3.803,0.829,0.027,0.74426,0.067,4.03121085925354,0.0446600243147883,64.8138031705461,0.99,0.2783
751348571,751348571,757984820,951893548,VISp,10.37,8.333,0.733,6.156,1.25,0.067,0.62138,-0.055,1.83183767928753,0.0,77.9502917991876,0.99,0.2275
756029989,756029989,760640087,951820816,VISpm,0.0,0.0,0.0,,,0.0,1.0,0.0,3.5841815621771,0.0,76.0116151601249,0.99,0.0376
797828357,797828357,805579745,951096151,VISl,1.778,0.0,0.0,,,0.0,0.51249,-0.164,2.84337932023559,0.0789702647836585,68.9527784004378,0.99,0.0478
760693773,760693773,769322827,951786249,grey,0.0,0.0,0.0,,,0.0,1.0,0.0,3.88401553834665,0.0351105482289759,,0.99,0.0376
787025148,787025148,792586848,951032066,VISal,10.37,5.556,0.489,6.965,1.364,0.044,0.3966,-0.114,2.50455538591136,0.0015542560332064,99.7160988361091,0.99,0.2134
739783171,760345702,810753203,951843515,PP,16.296,16.667,0.964,3.085,1.55,0.111,1.0,0.006,1.92095751052928,0.0907085556128185,66.3267639624139,0.99,0.2555
773418906,773418906,792676160,951780238,VISal,16.296,16.667,0.964,5.186,2.5,0.133,1.0,0.007,0.697761810295323,0.011547707463708,102.24199556483,0.99,0.2263
755434585,755434585,760642634,951855663,MGv,20.741,8.333,0.383,2.843,1.434,0.067,0.14086,-0.214,2.97616743495821,0.0513702303090283,69.9443348990038,0.99,0.2847
786091066,786091066,792623928,951017060,VISal,40.0,30.556,0.745,5.094,2.077,0.244,0.41359,-0.135,3.86598063845796,0.0062136733970479,96.339592539728,0.99,0.2758
840012044,840012044,841431754,951137527,CA1,5.333,1.667,0.263,2.123,0.0,0.013,0.2018,-0.141,1.5882959997556,0.345279560825823,36.1745703560264,0.99,0.3097
760693773,760693773,769322827,951784575,grey,19.259,16.667,0.823,6.893,3.289,0.133,0.69231,-0.05,4.29690697157634,0.0023568607023093,122.796087814705,0.99,0.1964
756029989,756029989,760640090,951810724,VISp,1.481,2.778,1.119,4.387,0.0,0.022,1.0,0.061,1.77712869150893,0.130472243512874,43.8318089065987,0.99,0.2863
839068429,839068429,868929138,951173147,VISp,1.778,1.667,0.6,3.755,0.0,0.013,1.0,-0.006,2.77217839047587,0.0689838503611376,48.2452162713967,0.99,0.273
755434585,755434585,760642624,951848491,VISpm,11.852,5.556,0.432,3.362,2.789,0.044,0.12587,-0.207,1.8482395282781,0.370853677722627,34.1917852042732,0.99,0.2553
816200189,816200189,836943713,951139967,VISam,3.532,1.656,0.365,5.258,2.432,0.013,0.25475,-0.084,3.35770764648806,0.255215662767273,49.8709718304763,0.99,0.2197
762602078,762602078,768909178,951860502,CA1,31.111,27.778,0.865,5.964,2.809,0.222,0.75724,-0.056,2.48635025332037,0.0034749197953379,76.3743164035442,0.99,0.2379
755434585,755434585,760642621,951850203,VISam,0.0,0.0,0.0,,,0.0,1.0,0.0,3.04364875506573,0.0,61.2011232354914,0.99,0.0376
755434585,755434585,760642637,951853816,VISrl,7.407,13.889,1.652,5.567,1.893,0.111,0.4046,0.15,1.24178395145451,0.0153273840890783,74.1308584041742,0.99,0.3099
835479236,835479236,837761710,951165885,SCop,24.889,26.667,1.03,5.273,2.172,0.213,0.73626,0.028,4.38376918449458,0.0035910810772992,109.966562936579,0.99,0.2591
797828357,797828357,805579741,951089347,LP,4.444,0.0,0.0,,,0.0,0.06793,-0.265,2.707907766217,0.464851549127081,56.3284268849549,0.99,0.0928
816200189,816200189,836943721,951160264,VIS,0.442,1.656,1.149,6.965,2.651,0.013,0.46953,0.079,1.86108590531536,0.366973789311393,65.5286078230847,0.99,0.1993
773418906,773418906,792676162,951781788,MGv,16.296,19.444,1.124,5.982,2.856,0.133,0.67632,0.064,2.61846524384287,0.143973527898246,45.0419479641151,0.99,0.2334
816200189,816200189,836943715,951147638,VISpm,2.208,1.656,0.516,4.289,4.578,0.013,0.63836,-0.029,3.79283868759206,0.043518443534819,68.4829949627426,0.97,0.1914
794812542,794812542,810758777,951082875,NOT,6.222,1.667,0.231,6.416,0.0,0.013,0.06194,-0.203,2.67272142394384,0.0210235119923738,90.1308673728161,0.99,0.3
756029989,756029989,760640094,951798461,DG,16.296,16.667,0.964,5.13,2.046,0.133,1.0,0.006,1.08156918838648,0.121281235328436,38.5332517522639,0.99,0.2343
835479236,835479236,837761716,951168708,VISrl,2.667,0.0,0.0,,,0.0,0.25475,-0.203,3.14465887027467,0.0,93.8599658265313,0.98,0.0609
762120172,762120172,768908152,951871971,VISp,4.444,0.0,0.0,,,0.0,0.24975,-0.264,1.49069389888954,0.0299899338730939,51.9500231424962,0.99,0.0613
758798717,758798717,770930071,951909829,VISpm,4.444,2.778,0.51,7.771,0.0,0.022,0.61938,-0.065,1.26978117163817,0.299330351090453,44.1531394399108,0.99,0.2276
760693773,760693773,769322824,951782531,VISpm,7.407,11.111,1.322,3.413,1.56,0.089,0.65934,0.085,2.9272682548828,0.0323765678165181,74.138307736965,0.99,0.2937
758798717,758798717,770930077,951909148,VISal,10.37,11.111,0.977,3.61,2.449,0.089,1.0,0.018,2.15426880128763,0.0215692511212605,58.6712906896462,0.99,0.2305
751348571,751348571,757984813,951887758,VISam,4.444,0.0,0.0,,,0.0,0.26174,-0.264,2.30354970023777,0.319926526026583,46.322237773773,0.96,0.0604
758798717,758798717,770930077,951908918,VISal,4.444,0.0,0.0,,,0.0,0.28272,-0.264,2.02676173574105,0.261915317628087,48.2473739095679,0.99,0.0588
840012044,840012044,841431754,951137993,VISam,5.333,6.667,1.053,4.653,3.619,0.053,0.83217,0.043,1.73478124232457,0.0018317053760601,50.5780661601596,0.99,0.2089
798911424,798911424,800036202,951107136,CA1,0.0,0.0,0.0,,,0.0,1.0,0.0,2.07204858249518,0.0109953410879998,27.7713844968189,0.99,0.0376
762120172,762120172,768908152,951871232,VISp,2.963,5.556,1.402,6.877,2.843,0.044,0.72627,0.086,3.64674104686742,0.0020803829703671,63.8697984213164,0.99,0.2268
760693773,760693773,769322827,951789715,VISp,0.0,0.0,0.0,,,0.0,1.0,0.0,1.63240005257701,0.0549889975007034,52.5928752899883,0.99,0.0376
797828357,797828357,805579738,951088095,VISpm,0.0,0.0,0.0,,,0.0,1.0,0.0,3.2561696622245,0.184149256032259,42.8851650966839,0.99,0.0376
719161530,719161530,729445652,950931033,APN,28.148,11.111,0.381,6.858,1.313,0.089,0.01499,-0.351,3.33134041553275,0.0100009321982912,71.6151708270332,0.99,0.3141
787025148,787025148,792586836,951012508,CA1,2.963,0.0,0.0,,,0.0,0.48751,-0.213,2.25386580772161,0.288021893408865,50.3847389518621,0.99,0.0487
831882777,831882777,832810578,951094813,SCig,24.889,45.0,1.738,1.337,2.635,0.307,0.06494,0.218,3.99442670072043,0.0218544372695941,122.360810628467,0.99,0.4244
840012044,840012044,868297129,951142433,DG,24.889,21.667,0.837,3.845,2.196,0.173,0.63936,-0.059,1.9412721759053,0.0225501150894253,69.9619626581453,0.99,0.2604
707296982,721123822,760213150,950910532,VISal,7.407,0.0,0.0,,,0.0,0.06094,-0.35,2.38818059920399,0.0258821150804382,31.0618723754646,0.99,0.0958
787025148,787025148,792586840,951016496,NOT,45.926,55.556,1.184,6.459,2.22,0.444,0.3966,0.126,2.80924885195973,0.0048078406895887,73.9146544428745,0.99,0.3294
816200189,816200189,836943713,951137907,CA1,3.091,2.483,0.607,4.568,2.355,0.02,0.5994,-0.03,2.88979109675922,0.0193600024318172,96.9142008402142,0.99,0.2145
831882777,831882777,832810584,951107937,CA1,10.667,3.333,0.286,7.429,0.651,0.027,0.05894,-0.211,0.932349468186268,0.0380935394893054,43.5712125922368,0.99,0.2644
755434585,755434585,760642634,951855317,MGv,19.259,13.889,0.686,2.598,0.578,0.089,0.50549,-0.098,2.62146040576019,0.099553671475852,62.6516543274658,0.99,0.2884
760693773,760693773,769322820,951795177,grey,1.481,2.778,1.119,5.996,0.0,0.022,1.0,0.061,2.15992236973894,0.151594023561421,50.165171693,0.99,0.2672
756029989,756029989,760640097,951803793,VPM,2.963,2.778,0.701,5.564,0.0,0.022,1.0,-0.008,1.77450407481545,0.0170243325673091,43.4648030243619,0.99,0.257
786091066,786091066,792623928,951017966,VISal,0.0,0.0,0.0,,,0.0,1.0,0.0,2.35524417072659,0.304318205309162,57.3679300021539,0.99,0.0376
835479236,835479236,837761714,951167982,VISal,0.0,8.333,8.333,4.956,2.75,0.053,0.10689,0.222,2.29727410559681,0.312675241069372,62.4188996847511,0.99,0.4307
798911424,798911424,800036196,951092369,VISam,16.889,20.0,1.118,4.602,2.056,0.16,0.58042,0.058,2.99395559674152,0.0247195483653256,67.3787623862513,0.99,0.2707
751348571,751348571,757984820,951890138,MGm,5.926,8.333,1.203,4.586,1.586,0.067,0.75924,0.073,2.57185541663663,0.0798048780665419,80.5549225025756,0.99,0.263
835479236,835479236,837761710,951166249,VISp,64.0,46.667,0.718,5.014,2.309,0.347,0.05095,-0.224,3.41262762820428,0.0154615200014604,130.365873727473,0.99,0.348
816200189,816200189,836943713,951139999,VISam,0.883,4.967,2.638,4.652,2.46,0.04,0.08591,0.158,2.62223379001325,0.407959922946753,43.6347916147957,0.99,0.3792
707296982,721123822,760213142,950907925,VIS,1.481,0.0,0.0,,,0.0,1.0,-0.149,1.46007749604732,0.439521633752246,45.03863527171,0.99,0.0376
816200189,816200189,836943715,951146106,VISpm,17.66,16.556,0.887,5.133,2.331,0.132,0.76224,-0.023,1.65670027389068,0.0121294883798911,90.3959974230726,0.95,0.2331
829720705,829720705,832129159,951136534,VISal,0.889,1.667,0.882,1.107,0.0,0.013,1.0,0.047,1.96493028564461,0.43061129705802,39.1123886526339,0.99,0.2844
758798717,758798717,770930077,951908364,MGv,7.407,8.333,0.991,3.71,0.907,0.067,1.0,0.027,3.43697282160392,0.0307373137586139,50.8528290271081,0.99,0.2564
789848216,789848216,805002037,951061398,LD,7.111,3.333,0.411,4.659,0.488,0.027,0.19481,-0.135,2.8852920183539,0.0239639405371789,65.6941727485895,0.99,0.28
756029989,756029989,760640097,951803826,VPM,16.296,16.667,0.964,6.989,2.397,0.133,1.0,0.006,3.00628149797276,0.0062696086061882,87.9782888474693,0.99,0.2009
707296982,721123822,760213142,950908001,VIS,0.0,0.0,0.0,,,0.0,1.0,0.0,3.75914183205909,0.226861695775656,58.3607164164619,0.97,0.0376
794812542,794812542,810758785,951101914,VISal,0.889,6.667,3.529,5.729,0.613,0.053,0.11888,0.196,1.51616680357954,0.480251829395098,43.3887223242593,0.99,0.4256
797828357,797828357,805579741,951088952,LP,0.889,0.0,0.0,,,0.0,1.0,-0.115,2.41307195324738,0.0,18.4118456830415,0.99,0.0376
715093703,715093703,810755801,950922174,PO,11.852,22.222,1.729,5.259,2.402,0.156,0.27872,0.175,4.40799507952496,0.0042689349580431,72.7927623356916,0.99,0.3292
755434585,755434585,760642631,951843178,VISl,2.963,2.778,0.701,5.792,0.0,0.022,1.0,-0.008,1.76472941820817,0.340277911631284,40.3136796200586,0.99,0.2539
758798717,758798717,770930073,951909953,MGd,11.852,11.111,0.865,3.977,1.966,0.089,0.86713,-0.014,2.89338996508783,0.0341734840531703,51.2993268694007,0.99,0.2379
758798717,758798717,770930071,951909854,APN,0.0,5.556,5.556,1.413,0.386,0.044,0.50749,0.213,3.3025276946613,0.05867364015737,83.4151273359364,0.99,0.4564
719161530,719161530,729445650,950922058,APN,14.815,8.333,0.527,4.116,1.664,0.067,0.24076,-0.159,3.71402584260852,0.0059456503219749,116.65342468024,0.99,0.2596
798911424,798911424,800036200,951105558,VISp,0.889,0.0,0.0,,,0.0,1.0,-0.115,1.73712177153514,0.28802551932139,53.0967959604074,0.99,0.0376
762602078,762602078,768909188,951855812,VISrl,1.481,0.0,0.0,,,0.0,1.0,-0.149,1.03411404990234,0.0389615725307089,81.5040104965389,0.99,0.0376
839557629,839557629,846401838,951128239,VISl,3.556,16.667,3.659,2.147,2.557,0.133,0.02398,0.297,2.38386297463915,0.148882932827819,50.1976250884321,0.99,0.4801
