feature,kfold_auroc,kfold_auprc,kfold_ba,loso_auroc,loso_auprc,loso_ba,predictive_tier
effect_size,0.99967,0.97977,0.99437,0.99966,0.97936,0.99437,Near-Perfect Proxy (>0.90 AUPRC)
evoked_rate,0.99598,0.79977,0.98801,0.99598,0.80041,0.98773,Strong Response Signal (0.50-0.90 AUPRC)
trial_reliability,0.9961,0.77933,0.98837,0.99608,0.77946,0.98834,Strong Response Signal (0.50-0.90 AUPRC)
intensity_slope,0.96607,0.76325,0.9304,0.96421,0.75436,0.92447,Strong Response Signal (0.50-0.90 AUPRC)
p_value,0.99577,0.66253,0.97184,0.99582,0.654,0.97077,Strong Response Signal (0.50-0.90 AUPRC)
modulation_ratio,0.98651,0.58623,0.9279,0.98648,0.58862,0.92807,Strong Response Signal (0.50-0.90 AUPRC)
presence_ratio,0.52202,0.01475,0.52805,0.5676,0.03091,0.52805,Baseline / Chance (<0.10 AUPRC)
nn_hit_rate,0.64448,0.02229,0.60245,0.64219,0.0248,0.60512,Baseline / Chance (<0.10 AUPRC)
baseline_rate,0.66063,0.02259,0.61545,0.65673,0.02233,0.61855,Baseline / Chance (<0.10 AUPRC)
amplitude_cutoff,0.47123,0.0133,0.4776,0.49595,0.02231,0.47698,Baseline / Chance (<0.10 AUPRC)
fano_factor,0.67691,0.02228,0.68933,0.66952,0.02197,0.68933,Baseline / Chance (<0.10 AUPRC)
nn_miss_rate,0.56277,0.02163,0.55778,0.55516,0.0219,0.55748,Baseline / Chance (<0.10 AUPRC)
sham_reliability,0.64951,0.02179,0.60339,0.64713,0.02168,0.60378,Baseline / Chance (<0.10 AUPRC)
isolation_distance,0.63155,0.0215,0.57176,0.62112,0.02152,0.57792,Baseline / Chance (<0.10 AUPRC)
latency_iqr_ms,0.65803,0.0209,0.64851,0.65303,0.02047,0.64873,Baseline / Chance (<0.10 AUPRC)
isi_violations,0.58026,0.01622,0.58615,0.57773,0.01867,0.58634,Baseline / Chance (<0.10 AUPRC)
left_right_ccf_coordinate,0.58504,0.01794,0.52991,0.58202,0.01738,0.53121,Baseline / Chance (<0.10 AUPRC)
probe_vertical_position,0.60627,0.01819,0.58108,0.59734,0.01722,0.57767,Baseline / Chance (<0.10 AUPRC)
anterior_posterior_ccf_coordinate,0.5422,0.01763,0.50305,0.5399,0.01668,0.50879,Baseline / Chance (<0.10 AUPRC)
dorsal_ventral_ccf_coordinate,0.60494,0.01656,0.60761,0.60049,0.01643,0.60701,Baseline / Chance (<0.10 AUPRC)
probe_horizontal_position,0.51471,0.01468,0.51723,0.50083,0.01592,0.51723,Baseline / Chance (<0.10 AUPRC)
snr,0.50814,0.01428,0.52034,0.5067,0.01462,0.51864,Baseline / Chance (<0.10 AUPRC)
d_prime,0.51914,0.01509,0.51752,0.50057,0.01368,0.51493,Baseline / Chance (<0.10 AUPRC)
adaptation_index,0.47204,0.01214,0.55018,0.467,0.01205,0.55018,Baseline / Chance (<0.10 AUPRC)
latency_sd_ms,0.46642,0.01206,0.47686,0.45035,0.01174,0.47524,Baseline / Chance (<0.10 AUPRC)
latency_cv,0.46935,0.01245,0.42937,0.45035,0.01168,0.42179,Baseline / Chance (<0.10 AUPRC)
median_latency_ms,0.49356,0.01394,0.5178,0.36437,0.01114,0.41276,Baseline / Chance (<0.10 AUPRC)
