config_id,latency_threshold_ms,reliability_threshold,modulation_threshold,total_units,direct_count,direct_pct,indirect_count,indirect_pct,nonresponsive_count,nonresponsive_pct,insufficient_evidence_count,jaccard_similarity_to_baseline,units_changing_class,pct_units_changing_class,session_721123822_direct_count,session_721123822_direct_pct,session_760345702_direct_count,session_760345702_direct_pct,specimen_707296982_direct_count,specimen_707296982_direct_pct,specimen_739783171_direct_count,specimen_739783171_direct_pct
L6_R20_M1p5,6.0,0.2,1.5,945,17,1.8,5,0.53,738,78.1,185,0.3889,11,1.16,13,2.93,4,0.8,13,2.93,4,0.8
L6_R20_M2p0,6.0,0.2,2.0,945,14,1.48,8,0.85,738,78.1,185,0.4667,8,0.85,12,2.7,2,0.4,12,2.7,2,0.4
L6_R20_M3p0,6.0,0.2,3.0,945,8,0.85,14,1.48,738,78.1,185,0.6,4,0.42,8,1.8,0,0.0,8,1.8,0,0.0
L6_R30_M1p5,6.0,0.3,1.5,945,10,1.06,12,1.27,738,78.1,185,0.6364,4,0.42,8,1.8,2,0.4,8,1.8,2,0.4
L6_R30_M2p0,6.0,0.3,2.0,945,7,0.74,15,1.59,738,78.1,185,0.875,1,0.11,7,1.58,0,0.0,7,1.58,0,0.0
L6_R30_M3p0,6.0,0.3,3.0,945,6,0.63,16,1.69,738,78.1,185,0.75,2,0.21,6,1.35,0,0.0,6,1.35,0,0.0
L6_R50_M1p5,6.0,0.5,1.5,945,4,0.42,18,1.9,738,78.1,185,0.2,8,0.85,3,0.68,1,0.2,3,0.68,1,0.2
L6_R50_M2p0,6.0,0.5,2.0,945,2,0.21,20,2.12,738,78.1,185,0.25,6,0.63,2,0.45,0,0.0,2,0.45,0,0.0
L6_R50_M3p0,6.0,0.5,3.0,945,2,0.21,20,2.12,738,78.1,185,0.25,6,0.63,2,0.45,0,0.0,2,0.45,0,0.0
L8_R20_M1p5,8.0,0.2,1.5,945,21,2.22,1,0.11,738,78.1,185,0.381,13,1.38,15,3.38,6,1.2,15,3.38,6,1.2
L8_R20_M2p0,8.0,0.2,2.0,945,16,1.69,6,0.63,738,78.1,185,0.5,8,0.85,13,2.93,3,0.6,13,2.93,3,0.6
L8_R20_M3p0,8.0,0.2,3.0,945,9,0.95,13,1.38,738,78.1,185,0.5455,5,0.53,9,2.03,0,0.0,9,2.03,0,0.0
L8_R30_M1p5,8.0,0.3,1.5,945,13,1.38,9,0.95,738,78.1,185,0.6154,5,0.53,9,2.03,4,0.8,9,2.03,4,0.8
L8_R30_M2p0,8.0,0.3,2.0,945,8,0.85,14,1.48,738,78.1,185,1.0,0,0.0,7,1.58,1,0.2,7,1.58,1,0.2
L8_R30_M3p0,8.0,0.3,3.0,945,6,0.63,16,1.69,738,78.1,185,0.75,2,0.21,6,1.35,0,0.0,6,1.35,0,0.0
L8_R50_M1p5,8.0,0.5,1.5,945,4,0.42,18,1.9,738,78.1,185,0.2,8,0.85,3,0.68,1,0.2,3,0.68,1,0.2
L8_R50_M2p0,8.0,0.5,2.0,945,2,0.21,20,2.12,738,78.1,185,0.25,6,0.63,2,0.45,0,0.0,2,0.45,0,0.0
L8_R50_M3p0,8.0,0.5,3.0,945,2,0.21,20,2.12,738,78.1,185,0.25,6,0.63,2,0.45,0,0.0,2,0.45,0,0.0
L10_R20_M1p5,10.0,0.2,1.5,945,21,2.22,1,0.11,738,78.1,185,0.381,13,1.38,15,3.38,6,1.2,15,3.38,6,1.2
L10_R20_M2p0,10.0,0.2,2.0,945,16,1.69,6,0.63,738,78.1,185,0.5,8,0.85,13,2.93,3,0.6,13,2.93,3,0.6
L10_R20_M3p0,10.0,0.2,3.0,945,9,0.95,13,1.38,738,78.1,185,0.5455,5,0.53,9,2.03,0,0.0,9,2.03,0,0.0
L10_R30_M1p5,10.0,0.3,1.5,945,13,1.38,9,0.95,738,78.1,185,0.6154,5,0.53,9,2.03,4,0.8,9,2.03,4,0.8
L10_R30_M2p0,10.0,0.3,2.0,945,8,0.85,14,1.48,738,78.1,185,1.0,0,0.0,7,1.58,1,0.2,7,1.58,1,0.2
L10_R30_M3p0,10.0,0.3,3.0,945,6,0.63,16,1.69,738,78.1,185,0.75,2,0.21,6,1.35,0,0.0,6,1.35,0,0.0
L10_R50_M1p5,10.0,0.5,1.5,945,4,0.42,18,1.9,738,78.1,185,0.2,8,0.85,3,0.68,1,0.2,3,0.68,1,0.2
L10_R50_M2p0,10.0,0.5,2.0,945,2,0.21,20,2.12,738,78.1,185,0.25,6,0.63,2,0.45,0,0.0,2,0.45,0,0.0
L10_R50_M3p0,10.0,0.5,3.0,945,2,0.21,20,2.12,738,78.1,185,0.25,6,0.63,2,0.45,0,0.0,2,0.45,0,0.0
