config_id,specimen_id,latency_threshold_ms,reliability_threshold,modulation_threshold,specimen_total_units,direct_count,direct_pct,indirect_count,nonresponsive_count
L6_R20_M1p5,707296982,6.0,0.2,1.5,444,13,2.93,2,361
L6_R20_M1p5,739783171,6.0,0.2,1.5,501,4,0.8,3,377
L6_R20_M2p0,707296982,6.0,0.2,2.0,444,12,2.7,3,361
L6_R20_M2p0,739783171,6.0,0.2,2.0,501,2,0.4,5,377
L6_R20_M3p0,707296982,6.0,0.2,3.0,444,8,1.8,7,361
L6_R20_M3p0,739783171,6.0,0.2,3.0,501,0,0.0,7,377
L6_R30_M1p5,707296982,6.0,0.3,1.5,444,8,1.8,7,361
L6_R30_M1p5,739783171,6.0,0.3,1.5,501,2,0.4,5,377
L6_R30_M2p0,707296982,6.0,0.3,2.0,444,7,1.58,8,361
L6_R30_M2p0,739783171,6.0,0.3,2.0,501,0,0.0,7,377
L6_R30_M3p0,707296982,6.0,0.3,3.0,444,6,1.35,9,361
L6_R30_M3p0,739783171,6.0,0.3,3.0,501,0,0.0,7,377
L6_R50_M1p5,707296982,6.0,0.5,1.5,444,3,0.68,12,361
L6_R50_M1p5,739783171,6.0,0.5,1.5,501,1,0.2,6,377
L6_R50_M2p0,707296982,6.0,0.5,2.0,444,2,0.45,13,361
L6_R50_M2p0,739783171,6.0,0.5,2.0,501,0,0.0,7,377
L6_R50_M3p0,707296982,6.0,0.5,3.0,444,2,0.45,13,361
L6_R50_M3p0,739783171,6.0,0.5,3.0,501,0,0.0,7,377
L8_R20_M1p5,707296982,8.0,0.2,1.5,444,15,3.38,0,361
L8_R20_M1p5,739783171,8.0,0.2,1.5,501,6,1.2,1,377
L8_R20_M2p0,707296982,8.0,0.2,2.0,444,13,2.93,2,361
L8_R20_M2p0,739783171,8.0,0.2,2.0,501,3,0.6,4,377
L8_R20_M3p0,707296982,8.0,0.2,3.0,444,9,2.03,6,361
L8_R20_M3p0,739783171,8.0,0.2,3.0,501,0,0.0,7,377
L8_R30_M1p5,707296982,8.0,0.3,1.5,444,9,2.03,6,361
L8_R30_M1p5,739783171,8.0,0.3,1.5,501,4,0.8,3,377
L8_R30_M2p0,707296982,8.0,0.3,2.0,444,7,1.58,8,361
L8_R30_M2p0,739783171,8.0,0.3,2.0,501,1,0.2,6,377
L8_R30_M3p0,707296982,8.0,0.3,3.0,444,6,1.35,9,361
L8_R30_M3p0,739783171,8.0,0.3,3.0,501,0,0.0,7,377
L8_R50_M1p5,707296982,8.0,0.5,1.5,444,3,0.68,12,361
L8_R50_M1p5,739783171,8.0,0.5,1.5,501,1,0.2,6,377
L8_R50_M2p0,707296982,8.0,0.5,2.0,444,2,0.45,13,361
L8_R50_M2p0,739783171,8.0,0.5,2.0,501,0,0.0,7,377
L8_R50_M3p0,707296982,8.0,0.5,3.0,444,2,0.45,13,361
L8_R50_M3p0,739783171,8.0,0.5,3.0,501,0,0.0,7,377
L10_R20_M1p5,707296982,10.0,0.2,1.5,444,15,3.38,0,361
L10_R20_M1p5,739783171,10.0,0.2,1.5,501,6,1.2,1,377
L10_R20_M2p0,707296982,10.0,0.2,2.0,444,13,2.93,2,361
L10_R20_M2p0,739783171,10.0,0.2,2.0,501,3,0.6,4,377
L10_R20_M3p0,707296982,10.0,0.2,3.0,444,9,2.03,6,361
L10_R20_M3p0,739783171,10.0,0.2,3.0,501,0,0.0,7,377
L10_R30_M1p5,707296982,10.0,0.3,1.5,444,9,2.03,6,361
L10_R30_M1p5,739783171,10.0,0.3,1.5,501,4,0.8,3,377
L10_R30_M2p0,707296982,10.0,0.3,2.0,444,7,1.58,8,361
L10_R30_M2p0,739783171,10.0,0.3,2.0,501,1,0.2,6,377
L10_R30_M3p0,707296982,10.0,0.3,3.0,444,6,1.35,9,361
L10_R30_M3p0,739783171,10.0,0.3,3.0,501,0,0.0,7,377
L10_R50_M1p5,707296982,10.0,0.5,1.5,444,3,0.68,12,361
L10_R50_M1p5,739783171,10.0,0.5,1.5,501,1,0.2,6,377
L10_R50_M2p0,707296982,10.0,0.5,2.0,444,2,0.45,13,361
L10_R50_M2p0,739783171,10.0,0.5,2.0,501,0,0.0,7,377
L10_R50_M3p0,707296982,10.0,0.5,3.0,444,2,0.45,13,361
L10_R50_M3p0,739783171,10.0,0.5,3.0,501,0,0.0,7,377
